Date,AAPL,AMZN,GOOGL,META,MSFT,NVDA,TSLA
2021-05-10,123.76119995117188,159.52450561523438,113.64820098876953,303.58758544921875,237.18394470214844,14.22988510131836,209.67999267578125
2021-05-11,122.8440933227539,161.19549560546875,112.57258605957031,304.14324951171875,236.27235412597656,14.270280838012695,205.73333740234375
2021-05-12,119.78054809570312,157.5970001220703,109.11070251464844,300.1942138671875,229.33474731445312,13.723909378051758,196.6300048828125
2021-05-13,121.9269790649414,158.07350158691406,110.53840637207031,302.8830871582031,233.20176696777344,13.63089370727539,190.56333923339844
2021-05-14,124.34657287597656,161.14500427246094,112.98517608642578,313.4800109863281,238.11473083496094,14.207193374633789,196.5800018310547
2021-05-17,123.19532012939453,163.51950073242188,113.50785827636719,313.0036926269531,235.26483154296875,14.129886627197266,192.27667236328125
2021-05-18,121.80989837646484,161.61399841308594,112.1961898803711,307.5465393066406,233.24974060058594,13.980512619018555,192.6233367919922
2021-05-19,121.65377807617188,161.58999633789062,112.64400482177734,311.1482238769531,233.82684326171875,14.030386924743652,187.82000732421875
2021-05-20,124.20999145507812,162.38400268554688,114.40196228027344,316.129150390625,237.0584259033203,14.575760841369629,195.5933380126953
2021-05-21,122.37577056884766,160.1540069580078,113.76622772216797,313.76776123046875,235.7984619140625,14.954059600830078,193.6266632080078
2021-05-24,124.00511169433594,162.24949645996094,117.08430480957031,322.10235595703125,241.19400024414062,15.572750091552734,202.14666748046875
2021-05-25,123.80998229980469,162.95249938964844,117.17505645751953,325.2377014160156,242.0980682373047,15.60841178894043,201.56333923339844
2021-05-26,123.76119995117188,163.25799560546875,118.0398941040039,325.1087341308594,241.8769073486328,15.660528182983398,206.3766632080078
2021-05-27,122.22943115234375,161.5054931640625,117.16561889648438,330.15911865234375,239.7801971435547,15.449061393737793,210.28334045410156
2021-05-28,121.57574462890625,161.15350341796875,116.87651824951172,326.17041015625,240.13604736328125,16.203657150268555,208.4066619873047
2021-06-01,121.25376892089844,160.9324951171875,118.08304595947266,326.5672912597656,237.9431915283203,16.223609924316406,207.96665954589844
2021-06-02,122.01476287841797,161.69949340820312,117.5578842163086,326.5871276855469,237.8470458984375,16.736066818237305,201.7066650390625
2021-06-03,120.53179168701172,159.35049438476562,116.41680908203125,323.5013427734375,236.31781005859375,16.92708396911621,190.94667053222656
2021-06-04,122.82456970214844,160.31100463867188,118.69746398925781,327.7778015136719,241.20364379882812,17.534053802490234,199.68333435058594
2021-06-07,122.83434295654297,159.90049743652344,119.13037872314453,333.959228515625,244.108154296875,17.574705123901367,201.7100067138672
2021-06-08,123.65386962890625,163.20550537109375,118.93897247314453,331.08184814453125,242.9156036376953,17.413114547729492,201.19667053222656
2021-06-09,124.03438568115234,164.0574951171875,119.41007995605469,327.6785583496094,243.8966064453125,17.31857681274414,199.5933380126953
2021-06-10,123.0392074584961,167.4824981689453,120.75843048095703,329.8713684082031,247.40707397460938,17.38517189025879,203.3733367919922
2021-06-11,124.24901580810547,167.3415069580078,120.51396179199219,328.6806945800781,248.0322723388672,17.784515380859375,203.29666137695312
2021-06-14,127.30281066894531,169.19349670410156,121.4417953491211,334.14776611328125,249.955810546875,17.977571487426758,205.89666748046875
2021-06-15,126.48322296142578,169.156494140625,120.4241943359375,334.1279296875,248.4842529296875,17.747844696044922,199.7866668701172
2021-06-16,126.98082733154297,170.7624969482422,119.7824935913086,328.5020751953125,247.541748046875,17.76954460144043,201.6233367919922
2021-06-17,128.58091735839844,174.46200561523438,120.74554443359375,333.88983154296875,250.9271697998047,18.614606857299805,205.53334045410156
2021-06-18,127.28331756591797,174.34500122070312,119.12642669677734,327.0931396484375,249.5133514404297,18.596153259277344,207.77000427246094
2021-06-21,129.07850646972656,172.697998046875,120.81398010253906,329.7026672363281,252.59103393554688,18.3851318359375,206.94332885742188
2021-06-22,130.7175750732422,175.27200317382812,121.32772827148438,336.39019775390625,255.36102294921875,18.843582153320312,207.90333557128906
2021-06-23,130.44439697265625,175.1909942626953,121.12589263916016,337.93804931640625,255.13006591796875,19.01369285583496,218.85667419433594
2021-06-24,130.16146850585938,172.45399475097656,121.49584197998047,340.5079040527344,256.495849609375,19.161605834960938,226.60667419433594
2021-06-25,129.86874389648438,170.072998046875,121.50425720214844,338.7119445800781,254.88966369628906,18.98750114440918,223.9566650390625
2021-06-28,131.498046875,172.1945037841797,121.53153991699219,352.87091064453125,258.44830322265625,19.9393253326416,229.57333374023438
2021-06-29,133.01034545898438,172.40699768066406,121.27021026611328,349.15008544921875,261.02581787109375,19.980974197387695,226.9199981689453
2021-06-30,133.62503051757812,172.00799560546875,121.08870697021484,345.0025939941406,260.5449523925781,19.956785202026367,226.56666564941406
2021-07-01,133.92750549316406,171.64849853515625,121.44080352783203,351.6306457519531,261.2181396484375,20.165803909301758,225.97332763671875
2021-07-02,136.55197143554688,175.5489959716797,124.23072814941406,351.93817138671875,267.0368957519531,20.44017219543457,226.3000030517578
2021-07-06,138.56182861328125,183.78700256347656,125.15560150146484,350.03314208984375,267.04656982421875,20.651195526123047,219.86000061035156
2021-07-07,141.04971313476562,184.82899475097656,125.43727111816406,347.7609558105469,269.2297668457031,20.325197219848633,214.88333129882812
2021-07-08,139.75209045410156,186.57049560546875,124.01898193359375,342.9586486816406,266.81573486328125,19.85725975036621,217.60333251953125
2021-07-09,141.5765838623047,185.9669952392578,124.48958587646484,347.6915283203125,267.3158264160156,20.004425048828125,218.98333740234375
2021-07-12,140.98138427734375,185.92750549316406,125.93466186523438,350.41015625,266.719482421875,20.465621948242188,228.56666564941406
2021-07-13,142.0936279296875,183.8679962158203,126.29765319824219,349.3484802246094,270.2396240234375,20.203716278076172,222.84666442871094
2021-07-14,145.5181884765625,184.08399963378906,127.1858139038086,344.9232482910156,271.711181640625,19.796152114868164,217.7933349609375
2021-07-15,144.86448669433594,181.55999755859375,125.96389770507812,341.77789306640625,270.28765869140625,18.922903060913086,216.86666870117188
2021-07-16,142.8253936767578,178.68150329589844,125.92919158935547,338.5036315917969,270.0184631347656,18.11949348449707,214.74000549316406
2021-07-19,138.9813232421875,177.47950744628906,123.55680084228516,334.3263854980469,266.4214172363281,18.736831665039062,215.4066619873047
2021-07-20,142.59120178222656,178.6595001220703,125.17494201660156,338.99969482421875,268.6430969238281,18.569459915161133,220.1666717529297
2021-07-21,141.85951232910156,179.25999450683594,126.50346374511719,343.5341491699219,270.6435546875,19.365638732910156,218.42999267578125
2021-07-22,143.22540283203125,181.90150451660156,127.36878204345703,348.4555358886719,275.2024230957031,19.549222946166992,216.4199981689453
2021-07-23,144.9425506591797,182.83200073242188,131.92465209960938,366.9106750488281,278.597412109375,19.513301849365234,214.4600067138672
2021-07-26,145.36209106445312,184.99099731445312,132.936279296875,369.5599060058594,278.0011291503906,19.249902725219727,219.2066650390625
2021-07-27,143.19618225097656,181.3195037841797,130.81878662109375,364.9460754394531,275.5871276855469,19.164100646972656,214.92666625976562
2021-07-28,141.44972229003906,181.51600646972656,134.9783935546875,370.3735046386719,275.2793273925781,19.458425521850586,215.66000366210938
2021-07-29,142.0936279296875,179.99600219726562,134.6645050048828,355.530029296875,275.54864501953125,19.6170654296875,225.78334045410156
2021-07-30,142.3083038330078,166.37950134277344,133.62210083007812,353.5257263183594,274.01947021484375,19.454431533813477,229.06666564941406
2021-08-02,141.97654724121094,166.57400512695312,133.74908447265625,349.2095947265625,273.9328918457031,19.70486068725586,236.55667114257812
2021-08-03,143.77175903320312,168.31199645996094,134.51821899414062,348.505126953125,276.1449279785156,19.769712448120117,236.5800018310547
2021-08-04,143.3717498779297,167.73599243164062,134.01785278320312,356.12530517578125,275.5583190917969,20.2276611328125,236.97332763671875
2021-08-05,143.47909545898438,168.79949951171875,135.1345977783203,360.1438293457031,278.4531555175781,20.589832305908203,238.2100067138672
2021-08-06,142.79510498046875,167.2469940185547,134.6258087158203,360.6795959472656,278.3955078125,20.319456100463867,233.03334045410156
2021-08-09,142.74624633789062,167.093505859375,135.79067993164062,358.79437255859375,277.30865478515625,20.248613357543945,237.9199981689453
2021-08-10,142.26748657226562,166.03399658203125,135.68557739257812,358.318115234375,275.49090576171875,19.89042854309082,236.663330078125
2021-08-11,142.5215301513672,164.60549926757812,135.16189575195312,357.1571960449219,275.9814453125,19.653974533081055,235.94000244140625
2021-08-12,145.48214721679688,165.1750030517578,136.0693817138672,359.8262939453125,278.73211669921875,19.859506607055664,240.75
2021-08-13,145.68736267089844,164.69850158691406,136.5985107421875,360.3521423339844,281.6559753417969,20.141860961914062,239.05667114257812
2021-08-16,147.66111755371094,164.94949340820312,137.1757354736328,363.7058410644531,283.3390808105469,19.90440559387207,228.72332763671875
2021-08-17,146.75241088867188,162.09800720214844,135.541259765625,355.65899658203125,281.8771057128906,19.413528442382812,221.90333557128906
2021-08-18,143.0100860595703,160.06100463867188,134.33868408203125,352.682373046875,280.1521911621094,18.99648666381836,229.663330078125
2021-08-19,143.34231567382812,159.3874969482422,134.56781005859375,352.3548583984375,285.9725036621094,19.752756118774414,224.49000549316406
2021-08-20,144.7981719970703,159.99749755859375,136.30296325683594,356.5718078613281,293.2862548828125,20.7684268951416,226.75332641601562
2021-08-23,146.2834014892578,163.2935028076172,138.89356994628906,360.52081298828125,293.5657958984375,21.907814025878906,235.43333435058594
2021-08-24,146.19546508789062,165.28900146484375,140.10354614257812,362.6640319824219,291.6097106933594,21.743188858032227,236.163330078125
2021-08-25,144.96432495117188,164.95899963378906,140.9143524169922,365.5216064453125,291.0218200683594,22.1622314453125,237.06666564941406
2021-08-26,144.16305541992188,165.8000030517578,140.28109741210938,361.5428466796875,288.2080993652344,22.01756477355957,233.72000122070312
2021-08-27,145.19886779785156,167.48150634765625,142.82354736328125,369.7286071777344,288.8151550292969,22.584260940551758,237.30667114257812
2021-08-30,149.6153106689453,171.07850646972656,143.40525817871094,377.696044921875,292.54443359375,22.636146545410156,243.6366729736328
2021-08-31,148.35488891601562,173.5395050048828,143.51138305664062,376.426025390625,290.8966064453125,22.337778091430664,245.24000549316406
2021-09-01,149.01925659179688,173.9499969482422,144.02511596679688,379.0751953125,290.848388671875,22.39366340637207,244.69667053222656
2021-09-02,150.13319396972656,173.156005859375,142.11244201660156,372.3579406738281,290.193115234375,22.348758697509766,244.1300048828125
2021-09-03,150.76832580566406,173.90249633789062,142.5612335205078,373.330322265625,290.18353271484375,22.79481315612793,244.52333068847656
2021-09-07,153.10362243652344,175.46449279785156,143.09779357910156,379.20416259765625,289.2584533691406,22.614192962646484,250.97332763671875
2021-09-08,151.55982971191406,176.27499389648438,142.51312255859375,374.63006591796875,289.2873229980469,22.29187774658203,251.2899932861328
2021-09-09,150.5436248779297,174.20799255371094,142.36436462402344,375.0567321777344,286.4349670410156,22.130212783813477,251.6199951171875
2021-09-10,145.5603485107422,173.45750427246094,139.72120666503906,375.74139404296875,284.95111083984375,22.430580139160156,245.42333984375
2021-09-13,146.1270751953125,172.85850524902344,141.165771484375,373.5783386230469,286.1844787597656,22.105268478393555,247.6666717529297
2021-09-14,144.72979736328125,172.5,141.37600708007812,373.59820556640625,288.8826599121094,22.195077896118164,248.163330078125
2021-09-15,145.6189727783203,173.7895050048828,143.24557495117188,371.0085144042969,293.7296142578125,22.293872833251953,251.94332885742188
2021-09-16,145.38446044921875,174.41200256347656,142.4327850341797,370.15521240234375,294.1150817871094,22.195077896118164,252.3300018310547
2021-09-17,142.71694946289062,173.12600708007812,139.64584350585938,361.8801574707031,288.959716796875,21.853797912597656,253.163330078125
2021-09-20,139.6683807373047,167.7864990234375,137.58238220214844,352.9303894042969,283.5923156738281,21.068464279174805,243.38999938964844
2021-09-21,140.14715576171875,167.18150329589844,137.893310546875,354.696533203125,284.0741882324219,21.201181411743164,246.4600067138672
2021-09-22,142.5117645263672,169.00250244140625,139.133544921875,340.5376281738281,287.71661376953125,21.894712448120117,250.64666748046875
2021-09-23,143.46929931640625,170.8000030517578,140.05844116210938,343.2662353515625,288.6610412597656,22.4345703125,251.2133331298828
2021-09-24,143.55728149414062,171.2760009765625,141.04922485351562,350.21173095703125,288.4586181640625,22.034420013427734,258.1300048828125
2021-09-27,142.04269409179688,170.2899932861328,139.9156036376953,350.8268737792969,283.467041015625,21.61430549621582,263.78668212890625
2021-09-28,138.66195678710938,165.79800415039062,134.71658325195312,337.99749755859375,273.20452880859375,20.655336380004883,259.1866760253906
2021-09-29,139.5608673095703,165.05599975585938,133.25216674804688,336.9656982421875,273.66717529296875,20.473716735839844,260.4366760253906
2021-09-30,138.26132202148438,164.2519989013672,132.5802001953125,336.7474365234375,271.6627502441406,20.672298431396484,258.49334716796875
2021-10-01,139.38499450683594,164.16299438476562,135.42372131347656,340.3392028808594,278.5815734863281,20.698244094848633,258.40667724609375
2021-10-04,135.95533752441406,159.48899841308594,132.56385803222656,323.6897888183594,272.8094787597656,19.690372467041016,260.510009765625
2021-10-05,137.8802490234375,161.0500030517578,134.90798950195312,330.3674011230469,278.2538757324219,20.407855987548828,260.1966552734375
2021-10-06,138.7498321533203,163.10049438476562,136.43734741210938,331.04217529296875,282.4456481933594,20.656335830688477,260.9166564941406
2021-10-07,140.0103302001953,165.1215057373047,138.08375549316406,326.6565856933594,284.1224060058594,21.030540466308594,264.53668212890625
2021-10-08,139.62924194335938,164.43099975585938,138.63966369628906,327.4801025390625,284.1224060058594,20.78705406188965,261.8299865722656
2021-10-11,139.54132080078125,162.31500244140625,137.77529907226562,322.9159240722656,283.52496337890625,20.651338577270508,263.9800109863281
2021-10-12,138.27108764648438,162.3665008544922,135.33050537109375,321.2490234375,282.2239990234375,20.62739372253418,268.5733337402344
2021-10-13,137.684814453125,164.21400451660156,136.4542236328125,322.0130310058594,285.5292053222656,20.894824981689453,270.3599853515625
2021-10-14,140.4695587158203,164.9929962158203,139.99395751953125,325.971923828125,291.7348937988281,21.700132369995117,272.7733459472656
2021-10-15,141.52487182617188,170.4510040283203,140.2091522216797,322.2312927246094,293.14178466796875,21.815881729125977,281.010009765625
2021-10-18,143.1957244873047,172.33700561523438,141.60760498046875,332.72894287109375,296.1097106933594,22.175119400024414,290.03668212890625
2021-10-19,145.35513305664062,172.20750427246094,142.0628662109375,337.3427429199219,297.0155334472656,22.242977142333984,288.0899963378906
2021-10-20,145.84368896484375,170.7530059814453,140.6068878173828,338.12652587890625,296.2253723144531,22.05636978149414,288.6000061035156
2021-10-21,146.05865478515625,171.75050354003906,140.72293090820312,339.2179260253906,299.45343017578125,22.64413070678711,298.0
2021-10-22,145.28675842285156,166.77749633789062,136.43881225585938,322.08245849609375,297.91168212890625,22.67805290222168,303.2266540527344
2021-10-25,145.2379150390625,166.01849365234375,136.32032775878906,326.1307067871094,296.9191589355469,23.117128372192383,341.6199951171875
2021-10-26,145.90235900878906,168.80349731445312,138.1665802001953,313.3509826660156,298.8271789550781,24.66485595703125,339.4766540527344
2021-10-27,145.44309997558594,169.62449645996094,145.0189208984375,309.7889404296875,311.4119567871094,24.399417877197266,345.9533386230469
2021-10-28,149.0779571533203,172.32850646972656,144.65345764160156,314.45233154296875,312.549072265625,24.88838768005371,359.0133361816406
2021-10-29,146.37135314941406,168.6215057373047,146.8324432373047,321.0505676269531,319.5544738769531,25.513063430786133,371.3333435058594
2021-11-01,145.55056762695312,165.90550231933594,142.3207244873047,327.41070556640625,317.38641357421875,25.772518157958984,402.86334228515625
2021-11-02,146.58633422851562,165.6374969482422,144.2403564453125,325.5254821777344,321.0095520019531,26.345308303833008,390.6666564941406
2021-11-03,148.02267456054688,169.1999969482422,145.39633178710938,329.0379333496094,321.847900390625,26.541889190673828,404.6199951171875
2021-11-04,147.50479125976562,173.85000610351562,147.05209350585938,333.23492431640625,324.1991271972656,29.738130569458008,409.9700012207031
2021-11-05,148.033203125,175.94949340820312,147.6318359375,338.4738464355469,323.8330078125,29.68923568725586,407.36334228515625
2021-11-08,147.2112274169922,174.44900512695312,147.80935668945312,335.9833679199219,324.7291259765625,30.73902130126953,387.64666748046875
2021-11-09,147.5732879638672,178.81149291992188,147.69778442382812,332.7586669921875,323.7269287109375,30.59232521057129,341.1666564941406
2021-11-10,144.74530029296875,174.1024932861328,144.6975860595703,325.0888671875,318.7643737792969,29.3968563079834,355.98333740234375
2021-11-11,144.69639587402344,173.625,144.5716094970703,325.18804931640625,320.3350524902344,30.325889587402344,354.5033264160156
2021-11-12,146.77090454101562,176.25750732421875,147.45924377441406,338.2357177734375,324.4689636230469,30.325889587402344,344.47332763671875
2021-11-15,146.7806854248047,177.28399658203125,147.235107421875,344.853759765625,323.84259033203125,29.961658477783203,337.7966613769531
2021-11-16,147.75918579101562,177.03500366210938,146.663818359375,340.2895812988281,327.1574401855469,30.139284133911133,351.57666015625
2021-11-17,150.19578552246094,177.4499969482422,146.8334197998047,338.11663818359375,327.3794860839844,29.199270248413086,363.0033264160156
2021-11-18,154.4817657470703,184.80299377441406,148.6102294921875,336.0528564453125,329.455078125,31.608177185058594,365.4599914550781
2021-11-19,157.104248046875,183.82850646972656,147.70571899414062,342.6113586425781,331.2313537597656,32.9154167175293,379.0199890136719
2021-11-22,157.56417846679688,178.6284942626953,145.1027069091797,338.3547668457031,328.0648498535156,31.88858413696289,385.6233215332031
2021-11-23,157.94581604003906,179.0019989013672,144.58697509765625,334.6240539550781,325.98931884765625,31.679031372070312,369.6766662597656
2021-11-24,158.46441650390625,179.02049255371094,144.92221069335938,338.4043884277344,326.21136474609375,32.60506820678711,372.0
2021-11-26,153.44447326660156,175.22799682617188,141.0175018310547,330.52618408203125,318.2663269042969,31.436542510986328,360.6400146484375
2021-11-29,156.8009033203125,178.07850646972656,144.33753967285156,335.3979797363281,324.9757080078125,33.30559158325195,378.9966735839844
2021-11-30,161.75228881835938,175.35350036621094,140.73434448242188,321.93365478515625,319.1447448730469,32.6070671081543,381.586669921875
2021-12-01,161.23365783691406,172.18600463867188,139.89527893066406,308.1815490722656,318.6524353027344,31.372528076171875,365.0
2021-12-02,160.24534606933594,171.8679962158203,141.7940673828125,307.97320556640625,318.0828552246094,32.06215286254883,361.5333251953125
2021-12-03,158.3665771484375,169.489501953125,140.8374786376953,304.4508361816406,311.82720947265625,30.632001876831055,338.3233337402344
2021-12-06,161.77186584472656,171.36849975585938,141.9815216064453,315.3949890136719,314.89715576171875,29.977304458618164,336.336669921875
2021-12-07,167.506103515625,176.1645050048828,146.0623016357422,320.29644775390625,323.3248596191406,32.362552642822266,350.5833435058594
2021-12-08,171.32237243652344,176.1580047607422,146.97178649902344,327.98614501953125,323.3731384277344,31.762752532958984,356.32000732421875
2021-12-09,170.81353759765625,174.17100524902344,146.42828369140625,327.25189208984375,321.56787109375,30.42940330505371,334.6000061035156
2021-12-10,175.59860229492188,172.21200561523438,146.78826904296875,327.18243408203125,330.6810607910156,30.137985229492188,339.010009765625
2021-12-13,171.9682159423828,169.5675048828125,144.6311492919922,331.885498046875,327.64984130859375,28.105031967163086,322.13665771484375
2021-12-14,170.5885009765625,169.0915069580078,142.7273712158203,331.141357421875,316.97265625,28.280683517456055,319.5033264160156
2021-12-15,175.45184326171875,173.31500244140625,145.24057006835938,338.99969482421875,323.06427001953125,30.398469924926758,325.3299865722656
2021-12-16,168.56289672851562,168.87100219726562,143.26095581054688,332.2923278808594,313.6518249511719,28.330585479736328,308.97332763671875
2021-12-17,167.46694946289062,170.0175018310547,140.56324768066406,331.1910095214844,312.5898742675781,27.74574851989746,310.8566589355469
2021-12-20,166.10679626464844,167.07899475097656,140.44619750976562,322.9159240722656,308.8345642089844,27.663909912109375,299.9800109863281
2021-12-21,169.27723693847656,170.41700744628906,142.29641723632812,331.59783935546875,315.9590148925781,29.017221450805664,312.84332275390625
2021-12-22,171.8704071044922,171.03700256347656,145.2147979736328,327.8769836425781,321.6644592285156,29.341567993164062,336.2900085449219
2021-12-23,172.4966583251953,171.06849670410156,145.71218872070312,332.6297302246094,323.1028137207031,29.58109474182129,355.6666564941406
2021-12-27,176.45970153808594,169.66949462890625,146.694091796875,343.4844665527344,330.5942687988281,30.883502960205078,364.64666748046875
2021-12-28,175.44203186035156,170.66099548339844,145.48455810546875,343.524169921875,329.435791015625,30.26173973083496,362.8233337402344
2021-12-29,175.5301055908203,169.2010040283203,145.4528350830078,340.269775390625,330.1115417480469,29.941375732421875,362.0633239746094
2021-12-30,174.37542724609375,168.64450073242188,145.0020751953125,341.6786804199219,327.57257080078125,29.52720069885254,356.7799987792969
2021-12-31,173.7589874267578,166.7169952392578,143.66464233398438,333.7310791015625,324.6764221191406,29.35255241394043,352.260009765625
2022-01-03,178.10366821289062,170.4044952392578,143.802978515625,335.90399169921875,323.1607666015625,30.061138153076172,399.9266662597656
2022-01-04,175.84320068359375,167.52200317382812,143.2158203125,333.9096374511719,317.61956787109375,29.231794357299805,383.1966552734375
2022-01-05,171.16583251953125,164.35699462890625,136.64559936523438,321.6459045410156,305.4267883300781,27.54913902282715,362.7066650390625
2022-01-06,168.30850219726562,163.25399780273438,136.6183624267578,329.8713684082031,303.0133056640625,28.12200164794922,354.8999938964844
2022-01-07,168.47486877441406,162.5540008544922,135.8938446044922,329.2065734863281,303.1677551269531,27.19285011291504,342.32000732421875
2022-01-10,168.49444580078125,161.48599243164062,137.53277587890625,325.51556396484375,303.3898010253906,27.345548629760742,352.7066650390625
2022-01-11,171.32237243652344,165.36199951171875,138.59056091308594,331.76641845703125,304.07525634765625,27.761720657348633,354.79998779296875
2022-01-12,171.7627410888672,165.20700073242188,140.27114868164062,330.66510009765625,307.251220703125,27.94335174560547,368.739990234375
2022-01-13,168.49444580078125,161.21400451660156,137.4510040283203,323.93792724609375,294.2476501464844,26.52219009399414,343.85333251953125
2022-01-14,169.3555450439453,162.13800048828125,138.33717346191406,329.3157043457031,299.4607238769531,26.88845443725586,349.8699951171875
2022-01-18,166.15576171875,158.91749572753906,134.88319396972656,315.6728210449219,292.1721496582031,25.851524353027344,343.5033264160156
2022-01-19,162.6623077392578,156.2989959716797,134.0089111328125,317.1015319824219,292.8285217285156,25.017183303833008,331.8833312988281
2022-01-20,160.979248046875,151.66749572753906,132.21475219726562,314.0951232910156,291.1585388183594,24.102005004882812,332.0899963378906
2022-01-21,158.92431640625,142.64300537109375,129.28298950195312,300.80938720703125,285.7813720703125,23.327543258666992,314.6333312988281
2022-01-24,158.15126037597656,144.54400634765625,129.73178100585938,306.3062438964844,286.1094665527344,23.32554817199707,310.0
2022-01-25,156.35073852539062,139.98599243164062,125.89448547363281,297.8129577636719,278.5023193359375,22.27963638305664,306.1333312988281
2022-01-26,156.26271057128906,138.87249755859375,128.17364501953125,292.3359069824219,286.437744140625,22.726741790771484,312.4700012207031
2022-01-27,155.8027801513672,139.6374969482422,127.94752502441406,292.3458251953125,289.45941162109375,21.900390625,276.3666687011719
2022-01-28,166.67434692382812,143.97799682617188,132.2578887939453,299.3607177734375,297.587890625,22.794607162475586,282.1166687011719
2022-01-31,171.02883911132812,149.57350158691406,134.1943817138672,310.82086181640625,300.2137145996094,24.437339782714844,312.239990234375
2022-02-01,170.8625030517578,151.19349670410156,136.51568603515625,316.5161437988281,298.070556640625,24.589033126831055,310.4166564941406
2022-02-02,172.06605529785156,150.6125030517578,146.78680419921875,320.4850158691406,302.6077880859375,25.191837310791016,301.88665771484375
2022-02-03,169.18917846679688,138.8455047607422,141.9170379638672,235.90872192382812,290.8205261230469,23.900407791137695,297.0466613769531
2022-02-04,168.9050750732422,157.63949584960938,142.11839294433594,235.24392700195312,295.34814453125,24.270675659179688,307.7733459472656
2022-02-07,168.18980407714844,157.9355010986328,138.05995178222656,223.15878295898438,290.53094482421875,24.678855895996094,302.4466552734375
2022-02-08,171.2957305908203,161.4134979248047,138.25631713867188,218.46556091308594,294.0159606933594,25.058103561401367,307.3333435058594
2022-02-09,172.7164306640625,161.1894989013672,140.43133544921875,230.1935577392578,300.435791015625,26.65192985534668,310.6666564941406
2022-02-10,168.6405029296875,159.0034942626953,137.48367309570312,226.29417419433594,291.9114990234375,25.772680282592773,301.51666259765625
2022-02-11,165.23085021972656,153.2935028076172,133.1817626953125,217.84048461914062,284.8255615234375,23.901405334472656,286.6666564941406
2022-02-14,165.4659881591797,155.16700744628906,134.41505432128906,216.00491333007812,284.78692626953125,24.218772888183594,291.9200134277344
2022-02-15,169.29693603515625,156.510498046875,135.48867797851562,219.27920532226562,290.06756591796875,26.442344665527344,307.4766540527344
2022-02-16,169.0618438720703,158.10049438476562,136.6089324951172,214.8539276123047,289.7290344238281,26.45831298828125,307.7966613769531
2022-02-17,165.4659881591797,154.65249633789062,131.45254516601562,206.0926971435547,281.24517822265625,24.458295822143555,292.1166687011719
2022-02-18,163.91795349121094,152.60150146484375,129.3340301513672,204.55477905273438,278.5364685058594,23.595012664794922,285.6600036621094
2022-02-22,160.99818420410156,150.19749450683594,128.74937438964844,200.5065155029297,278.3333435058594,23.34351921081543,273.84332275390625
2022-02-23,156.83412170410156,144.82699584960938,126.54212951660156,196.90478515625,271.12640380859375,22.34250831604004,254.67999267578125
2022-02-24,159.45016479492188,151.35800170898438,131.60330200195312,205.98355102539062,284.97918701171875,23.7008056640625,266.92333984375
2022-02-25,161.51748657226562,153.7884979248047,133.35731506347656,208.8411102294922,287.6104736328125,24.108989715576172,269.9566650390625
2022-02-28,161.78204345703125,153.56300354003906,133.94992065429688,209.38681030273438,289.04217529296875,24.3365421295166,290.1433410644531
2022-03-01,159.90084838867188,151.14199829101562,132.9625701904297,201.90554809570312,285.3274230957031,23.430339813232422,288.1233215332031
2022-03-02,163.1929168701172,152.05250549316406,133.4683837890625,206.4895782470703,290.396484375,24.175981521606445,293.2966613769531
2022-03-03,162.8695526123047,147.89849853515625,132.8018798828125,201.38961791992188,286.26580810546875,23.670909881591797,279.7633361816406
2022-03-04,159.8714141845703,145.64100646972656,130.82521057128906,198.50222778320312,280.4034118652344,22.894319534301758,279.42999267578125
2022-03-07,156.07969665527344,137.4530029296875,125.34254455566406,186.01031494140625,269.8107604980469,21.313194274902344,268.1933288574219
2022-03-08,154.2572784423828,136.01449584960938,126.06259155273438,188.80828857421875,266.85052490234375,21.47490119934082,274.79998779296875
2022-03-09,159.65586853027344,139.2790069580078,132.32630920410156,196.95440673828125,279.0878601074219,22.9721736907959,286.3233337402344
2022-03-10,155.31544494628906,146.8175048828125,131.3439483642578,193.69004821777344,276.2728271484375,22.6168212890625,279.4333190917969
2022-03-11,151.60205078125,145.52450561523438,128.80592346191406,186.14918518066406,270.9328918457031,22.05983543395996,265.1166687011719
2022-03-14,147.57513427734375,141.85299682617188,124.91854095458984,185.1768341064453,267.4212951660156,21.291236877441406,255.4566650390625
2022-03-15,151.9547882080078,147.3665008544922,128.13893127441406,190.5347900390625,277.78192138671875,22.93124771118164,267.2966613769531
2022-03-16,156.36380004882812,153.10400390625,132.18797302246094,202.04446411132812,284.7857360839844,24.45148277282715,280.07666015625
2022-03-17,157.37298583984375,157.23899841308594,132.74188232421875,206.22166442871094,285.5886535644531,24.72099494934082,290.5333251953125
2022-03-18,160.66505432128906,161.25050354003906,135.0096435546875,214.8043212890625,290.6286315917969,26.404926300048828,301.7966613769531
2022-03-21,162.03677368164062,161.4915008544922,134.98583984375,209.84324645996094,289.4001159667969,26.68541717529297,307.0533447265625
2022-03-22,165.40719604492188,164.88900756835938,138.72146606445312,214.9630584716797,294.1402282714844,26.475797653198242,331.32666015625
2022-03-23,166.76914978027344,163.4080047607422,137.1420135498047,211.79791259765625,289.71929931640625,25.587413787841797,333.03668212890625
2022-03-24,170.5510711669922,163.64950561523438,140.41151428222656,217.8603515625,294.1789245605469,28.098846435546875,337.97332763671875
2022-03-25,171.1879425048828,164.77349853515625,140.51165771484375,220.09283447265625,293.772705078125,27.641672134399414,336.8800048828125
2022-03-28,172.0501708984375,168.99049377441406,140.29598999023438,221.84906005859375,300.5635986328125,28.167720794677734,363.9466552734375
2022-03-29,175.34225463867188,169.31500244140625,141.33734130859375,228.07022094726562,305.1199645996094,28.60392189025879,366.5233459472656
2022-03-30,174.1763153076172,166.30099487304688,140.77499389648438,226.0758819580078,303.62054443359375,27.639680862426758,364.663330078125
2022-03-31,171.0802001953125,162.99749755859375,137.9275665283203,220.62860107421875,298.2515869140625,27.236412048339844,359.20001220703125
2022-04-01,170.7862091064453,163.55999755859375,139.00164794921875,223.09921264648438,299.3253479003906,26.663454055786133,361.5299987792969
2022-04-04,174.83273315429688,168.34649658203125,141.79954528808594,232.06883239746094,304.69427490234375,27.31027603149414,381.8166809082031
2022-04-05,171.52108764648438,164.05499267578125,139.43853759765625,230.0347900390625,300.7377624511719,25.883874893188477,363.7533264160156
2022-04-06,168.35633850097656,158.75599670410156,135.42869567871094,221.5613250732422,289.7290344238281,24.36264419555664,348.586669921875
2022-04-07,168.66014099121094,157.7845001220703,134.77459716796875,221.2139892578125,291.5379333496094,24.164005279541016,352.4200134277344
2022-04-08,166.6515655517578,154.4604949951172,132.19491577148438,220.598876953125,287.2816162109375,23.076982498168945,341.8299865722656
2022-04-11,162.39930725097656,151.1219940185547,127.76749420166016,214.77455139160156,275.95361328125,21.87717056274414,325.30999755859375
2022-04-12,164.27066040039062,150.78750610351562,126.66758728027344,212.47262573242188,272.8579406738281,21.46491813659668,328.98333740234375
2022-04-13,166.95526123046875,155.54100036621094,128.8292236328125,213.3159942626953,278.236572265625,22.16265106201172,340.7900085449219
2022-04-14,161.9485626220703,151.7064971923828,125.69116973876953,208.54342651367188,270.7007141113281,21.219364166259766,328.3333435058594
2022-04-18,161.73301696777344,152.78500366210938,126.62991333007812,209.1288604736328,271.3681945800781,21.743412017822266,334.7633361816406
2022-04-19,164.01593017578125,158.11549377441406,128.9432830810547,215.61793518066406,275.99224853515625,22.157655715942383,342.7166748046875
2022-04-20,163.84938049316406,153.9980010986328,126.99041748046875,198.8594512939453,277.0177307128906,21.442960739135742,325.73333740234375
2022-04-21,163.05575561523438,148.29600524902344,123.79136657714844,186.60562133789062,271.6487731933594,20.146320343017578,336.260009765625
2022-04-22,158.51931762695312,144.35000610351562,118.6548080444336,182.67645263671875,265.08990478515625,19.479537963867188,335.01666259765625
2022-04-25,159.58729553222656,146.07400512695312,122.06512451171875,185.53402709960938,271.5616760253906,19.865835189819336,332.67333984375
2022-04-26,153.63021850585938,139.39100646972656,117.67739868164062,179.5410919189453,261.40423583984375,18.75385856628418,292.1400146484375
2022-04-27,153.4048614501953,138.16700744628906,113.35760498046875,173.5877685546875,273.9800720214844,18.381534576416016,293.836669921875
2022-04-28,160.3319091796875,144.59649658203125,117.55094146728516,204.1280975341797,280.18096923828125,19.746049880981445,292.5033264160156
2022-04-29,154.46299743652344,124.28150177001953,113.17411041259766,198.9090576171875,268.466064453125,18.513294219970703,290.2533264160156
2022-05-02,154.76675415039062,124.5,115.6273422241211,209.48605346679688,275.1893310546875,19.497501373291016,300.9800109863281
2022-05-03,156.25604248046875,124.25350189208984,116.37217712402344,210.37904357910156,272.58709716796875,19.566377639770508,303.0833435058594
2022-05-04,162.66383361816406,125.92849731445312,121.25879669189453,221.67044067382812,280.5195617675781,20.297046661376953,317.5400085449219
2022-05-05,153.60084533691406,116.40699768066406,115.55047607421875,206.65826416015625,268.3016357421875,18.80975341796875,291.09332275390625
2022-05-06,154.32693481445312,114.77249908447266,114.79769897460938,202.18336486816406,265.76708984375,18.64105987548828,288.54998779296875
2022-05-09,149.20497131347656,108.78900146484375,111.5887222290039,194.68222045898438,255.94822692871094,16.9191951751709,262.3699951171875
2022-05-10,151.6089324951172,108.85900115966797,113.457275390625,196.11102294921875,260.707763671875,17.563026428222656,266.67999267578125
2022-05-11,143.74932861328125,105.37200164794922,112.6712646484375,187.27040100097656,252.04969787597656,16.599775314331055,244.6666717529297
2022-05-12,139.88330078125,106.93049621582031,111.91899108886719,189.75094604492188,247.0193634033203,16.14560317993164,242.6666717529297
2022-05-13,144.34783935546875,113.05500030517578,115.09921264648438,197.07347106933594,252.6011199951172,17.673824310302734,256.5299987792969
2022-05-16,142.80734252929688,110.81050109863281,113.50686645507812,198.48240661621094,252.96878051757812,17.232624053955078,241.4566650390625
2022-05-17,146.43788146972656,115.36849975585938,115.51824951171875,201.0423126220703,258.1151428222656,18.143966674804688,253.8699951171875
2022-05-18,138.1759796142578,107.11250305175781,110.98223876953125,190.74314880371094,246.36328125,16.90721893310547,236.60333251953125
2022-05-19,134.7711639404297,107.31900024414062,109.47916412353516,189.80052185058594,245.45179748535156,17.092878341674805,236.47332763671875
2022-05-20,135.00662231445312,107.59100341796875,108.0152587890625,192.0330352783203,244.88943481445312,16.663660049438477,221.3000030517578
2022-05-23,140.42300415039062,107.55699920654297,110.57410430908203,194.70204162597656,252.73370361328125,16.867292404174805,224.96665954589844
2022-05-24,137.72462463378906,104.0999984741211,105.1013412475586,179.8684844970703,251.73501586914062,16.124643325805664,209.3866729736328
2022-05-25,137.88160705566406,106.7750015258789,104.93767547607422,182.3986358642578,254.54698181152344,16.94415283203125,219.60000610351562
2022-05-26,141.0803985595703,111.07749938964844,106.90889739990234,190.1378936767578,257.82427978515625,17.818559646606445,235.91000366210938
2022-05-27,146.8303680419922,115.14649963378906,111.39580535888672,193.61065673828125,264.9413757324219,18.77682113647461,253.2100067138672
2022-05-31,146.04539489746094,120.20950317382812,112.8294677734375,192.13226318359375,263.6130065917969,18.638065338134766,252.75332641601562
2022-06-01,145.91786193847656,121.68399810791016,112.95840454101562,187.17117309570312,264.146240234375,18.286705017089844,246.7899932861328
2022-06-02,148.37088012695312,125.51100158691406,116.6583251953125,197.3115997314453,266.24066162109375,19.556392669677734,258.3333435058594
2022-06-03,142.65036010742188,122.3499984741211,113.6020736694336,189.29454040527344,261.8192138671875,18.68597984313965,234.51666259765625
2022-06-06,143.39608764648438,124.79000091552734,115.8628921508789,192.73748779296875,260.58770751953125,18.75185775756836,238.27999877929688
2022-06-07,145.91786193847656,123.0,116.18920135498047,194.12660217285156,264.2237854003906,18.89160919189453,238.8866729736328
2022-06-08,145.18191528320312,121.18000030517578,116.23332977294922,195.10888671875,262.19732666015625,18.618043899536133,241.86666870117188
2022-06-09,139.96180725097656,116.1500015258789,113.8941650390625,182.5673065185547,256.7480163574219,18.019010543823242,239.7066650390625
2022-06-10,134.5552978515625,109.6500015258789,110.25028228759766,174.20294189453125,245.3063507080078,16.946735382080078,232.22999572753906
2022-06-13,129.4038543701172,103.66999816894531,105.52037811279297,162.9810028076172,234.90225219726562,15.621867179870605,215.73666381835938
2022-06-14,130.26730346679688,102.30999755859375,105.84073638916016,162.45513916015625,237.06451416015625,15.810564994812012,220.88999938964844
2022-06-15,132.8871612548828,107.66999816894531,108.86473846435547,168.03138732910156,244.1136932373047,16.50045394897461,233.0
2022-06-16,127.61800384521484,103.66000366210938,105.1643295288086,159.6173858642578,237.5299530029297,15.575939178466797,213.10000610351562
2022-06-17,129.08982849121094,106.22000122070312,106.26522064208984,162.4650421142578,240.12855529785156,15.8544921875,216.75999450683594
2022-06-21,133.3189239501953,108.68000030517578,110.629638671875,155.82716369628906,246.03359985351562,16.539390563964844,237.0366668701172
2022-06-22,132.8086700439453,108.94999694824219,110.57361602783203,154.63650512695312,245.44210815429688,16.333721160888672,236.086669921875
2022-06-23,135.67385864257812,112.44000244140625,111.32191467285156,157.513916015625,250.99806213378906,16.198938369750977,235.07000732421875
2022-06-24,139.0001983642578,116.45999908447266,117.00792694091797,168.83509826660156,259.5696716308594,17.098485946655273,245.7066650390625
2022-06-27,139.0001983642578,113.22000122070312,114.88399505615234,168.17025756835938,256.8449401855469,16.84190559387207,244.9199981689453
2022-06-28,134.85943603515625,107.4000015258789,111.08935546875,159.42886352539062,248.6903839111328,15.956327438354492,232.663330078125
2022-06-29,136.61581420898438,108.91999816894531,110.78585052490234,162.6634979248047,252.35557556152344,15.517032623291016,228.49000549316406
2022-06-30,134.15298461914062,106.20999908447266,108.06979370117188,159.9944305419922,249.0297393798828,15.134650230407715,224.47332763671875
2022-07-01,136.32147216796875,109.55999755859375,107.84616088867188,158.78395080566406,251.69622802734375,14.49967098236084,227.26333618164062
2022-07-05,138.90208435058594,113.5,112.33455657958984,166.88043212890625,254.866943359375,14.939963340759277,233.06666564941406
2022-07-06,140.23654174804688,114.33000183105469,113.63282775878906,168.44808959960938,258.1248474121094,15.105698585510254,231.73333740234375
2022-07-07,143.60215759277344,116.33000183105469,117.8093032836914,170.84927368164062,260.2482604980469,15.832526206970215,244.5433349609375
2022-07-08,144.2791748046875,115.54000091552734,118.3751220703125,169.54945373535156,259.5308532714844,15.81256103515625,250.76333618164062
2022-07-11,142.14991760253906,111.75,114.728271484375,161.6117706298828,256.47650146484375,15.12766170501709,234.3433380126953
2022-07-12,143.12132263183594,109.22000122070312,113.08585357666016,161.9987335205078,245.96572875976562,15.057774543762207,233.07000732421875
2022-07-13,142.75828552246094,110.4000015258789,110.44071197509766,162.21701049804688,245.04454040527344,15.139641761779785,237.0399932861328
2022-07-14,145.68235778808594,110.62999725341797,109.46278381347656,156.81935119628906,246.36328125,15.347310066223145,238.31333923339844
2022-07-15,147.35044860839844,113.55000305175781,110.8612289428711,163.4176025390625,248.92306518554688,15.736679077148438,240.06666564941406
2022-07-18,144.30862426757812,113.76000213623047,108.13624572753906,165.92787170410156,246.52810668945312,16.07513427734375,240.54666137695312
2022-07-19,148.1648406982422,118.20999908447266,112.87706756591797,174.41134643554688,251.6477813720703,16.964704513549805,245.52999877929688
2022-07-20,150.16651916503906,122.7699966430664,112.96633911132812,181.6643829345703,254.30458068847656,17.778398513793945,247.5
2022-07-21,152.43316650390625,124.62999725341797,113.40272521972656,181.7437744140625,256.7964782714844,18.021005630493164,271.7066650390625
2022-07-22,151.19680786132812,122.41999816894531,107.01551818847656,167.95199584960938,252.4525146484375,17.29117774963379,272.24334716796875
2022-07-25,150.0782012939453,121.13999938964844,106.62871551513672,165.3524169921875,250.96905517578125,16.996652603149414,268.4333190917969
2022-07-26,148.75355529785156,114.80999755859375,104.15911865234375,157.91079711914062,244.24945068359375,16.506444931030273,258.8599853515625
2022-07-27,153.84613037109375,120.97000122070312,112.13322448730469,168.2595977783203,260.5780029296875,17.76142120361328,274.82000732421875
2022-07-28,154.39559936523438,122.27999877929688,113.2837142944336,159.46856689453125,268.01507568359375,17.95511245727539,280.8999938964844
2022-07-29,159.45872497558594,134.9499969482422,115.36650085449219,157.86119079589844,272.213623046875,18.13382911682129,297.1499938964844
2022-08-01,158.47752380371094,135.38999938964844,113.91846466064453,158.68472290039062,269.5665588378906,18.411378860473633,297.27667236328125
2022-08-02,157.0056610107422,134.16000366210938,114.18624877929688,158.94273376464844,266.473388671875,18.496240615844727,300.586669921875
2022-08-03,163.01075744628906,139.52000427246094,117.11206817626953,167.4856719970703,273.89111328125,18.86264991760254,307.39666748046875
2022-08-04,162.69674682617188,142.57000732421875,117.22117614746094,169.2418975830078,275.0351257324219,19.184133529663086,308.6333312988281
2022-08-05,162.4707794189453,140.8000030517578,116.507080078125,165.80880737304688,274.31768798828125,18.958498001098633,288.1700134277344
2022-08-08,161.99911499023438,139.41000366210938,116.33846282958984,168.9243621826172,271.8063659667969,17.764415740966797,290.42333984375
2022-08-09,162.04824829101562,137.8300018310547,115.67395782470703,167.2177734375,273.7261657714844,17.058549880981445,283.3333435058594
2022-08-10,166.29306030273438,142.69000244140625,118.71878051757812,176.9513702392578,280.3778381347656,18.06793212890625,294.3566589355469
2022-08-11,165.55612182617188,140.63999938964844,117.86582946777344,176.1079864501953,278.3028564453125,17.913177490234375,286.6300048828125
2022-08-12,169.10324096679688,143.5500030517578,120.68256378173828,179.0945587158203,283.0443420410156,18.678943634033203,300.0299987792969
2022-08-15,170.17425537109375,143.17999267578125,121.07926940917969,179.4815216064453,284.556884765625,19.001432418823242,309.32000732421875
2022-08-16,170.0170135498047,144.77999877929688,120.702392578125,178.07260131835938,283.820068359375,18.848670959472656,306.5633239746094
2022-08-17,171.5105743408203,142.10000610351562,118.57001495361328,173.48858642578125,283.07183837890625,18.30554962158203,303.9966735839844
2022-08-18,171.11752319335938,142.3000030517578,119.1849365234375,173.30001831054688,281.9543762207031,18.742849349975586,302.8699951171875
2022-08-19,168.53334045410156,138.22999572753906,116.24920654296875,166.65220642089844,278.0481872558594,17.820329666137695,296.6666564941406
2022-08-22,164.65213012695312,133.22000122070312,113.30354309082031,161.7804412841797,269.885986328125,17.006641387939453,289.913330078125
2022-08-23,164.31802368164062,133.6199951171875,112.9266586303711,159.85552978515625,268.613037109375,17.153406143188477,296.4533386230469
2022-08-24,164.6128387451172,133.8000030517578,112.75806427001953,161.98878479003906,267.9815368652344,17.194337844848633,297.0966796875
2022-08-25,167.06927490234375,137.27999877929688,115.69378662109375,167.46583557128906,270.9548034667969,17.884227752685547,296.07000732421875
2022-08-26,160.77090454101562,130.75,109.43551635742188,160.52032470703125,260.4996032714844,16.2338809967041,288.0899963378906
2022-08-29,158.56988525390625,129.7899932861328,108.5230484008789,157.9306640625,257.7205505371094,15.775619506835938,284.82000732421875
2022-08-30,156.14292907714844,128.72999572753906,108.04698944091797,155.93629455566406,255.5244903564453,15.443155288696289,277.70001220703125
2022-08-31,154.48233032226562,126.7699966430664,107.33289337158203,161.661376953125,254.06700134277344,15.069754600524902,275.6099853515625
2022-09-01,155.20945739746094,127.81999969482422,108.8404312133789,164.0724334716797,253.02720642089844,13.91461181640625,277.1600036621094
2022-09-02,153.0968780517578,127.51000213623047,106.9659194946289,159.0717010498047,248.8101348876953,13.625078201293945,270.2099914550781
2022-09-06,151.83917236328125,126.11000061035156,105.9344482421875,157.3055419921875,246.07969665527344,13.44336986541748,274.4200134277344
2022-09-07,153.24427795410156,129.47999572753906,108.55281066894531,159.14112854003906,250.7826690673828,13.696039199829102,283.70001220703125
2022-09-08,151.77040100097656,129.82000732421875,107.49158477783203,160.79812622070312,251.20050048828125,13.971675872802734,289.260009765625
2022-09-09,154.6297149658203,133.27000427246094,109.74298858642578,167.83291625976562,256.9722900390625,14.368159294128418,299.67999267578125
2022-09-12,160.58419799804688,136.4499969482422,109.95125579833984,167.6444091796875,259.1003112792969,14.486003875732422,304.4200134277344
2022-09-13,151.1611785888672,126.81999969482422,103.46485900878906,151.9376678466797,244.85536193847656,13.113801956176758,292.1300048828125
2022-09-14,152.60560607910156,128.5500030517578,104.13928985595703,150.29058837890625,245.07887268066406,13.110809326171875,302.6099853515625
2022-09-15,149.71681213378906,126.27999877929688,102.06643676757812,148.3855438232422,238.43252563476562,12.912069320678711,303.75
2022-09-16,148.07583618164062,123.52999877929688,101.95732879638672,145.1509246826172,237.81065368652344,13.18071460723877,303.3500061035156
2022-09-19,151.79006958007812,124.66000366210938,102.22511291503906,146.86746215820312,237.59689331054688,13.364474296569824,309.07000732421875
2022-09-20,154.16793823242188,122.19000244140625,100.3109359741211,144.95248413085938,235.58546447753906,13.158742904663086,308.7300109863281
2022-09-21,151.0432891845703,118.54000091552734,98.46617126464844,141.01339721679688,232.1845703125,13.243631362915039,300.79998779296875
2022-09-22,150.08033752441406,117.30999755859375,99.31912994384766,141.7079620361328,234.1571044921875,12.544551849365234,288.5899963378906
2022-09-23,147.810546875,113.77999877929688,97.93059539794922,139.3167266845703,231.18373107910156,12.499608039855957,275.3299865722656
2022-09-26,148.14463806152344,115.1500015258789,97.36527252197266,135.3081817626953,230.72706604003906,12.211983680725098,276.010009765625
2022-09-27,149.11740112304688,114.41000366210938,96.70075988769531,133.353515625,229.71649169921875,12.396743774414062,282.94000244140625
2022-09-28,147.23086547851562,118.01000213623047,99.2298812866211,140.5073699951172,234.24456787109375,12.719322204589844,287.80999755859375
2022-09-29,139.9989776611328,114.80000305175781,96.62142944335938,135.34786987304688,230.77565002441406,12.203995704650879,268.2099914550781
2022-09-30,135.7935333251953,113.0,94.8659439086914,134.62350463867188,226.30587768554688,12.123101234436035,265.25
2022-10-03,139.9695281982422,115.87999725341797,97.8314208984375,137.5307159423828,233.92388916015625,12.495614051818848,242.39999389648438
2022-10-04,143.5559844970703,121.08999633789062,100.80683135986328,139.18772888183594,241.8334197998047,13.14975643157959,249.44000244140625
2022-10-05,143.8507537841797,120.94999694824219,100.59854888916016,137.89784240722656,242.14437866210938,13.191699981689453,240.80999755859375
2022-10-06,142.89761352539062,120.30000305175781,100.58863067626953,137.9871826171875,239.80259704589844,13.11280345916748,238.1300048828125
2022-10-07,137.65060424804688,114.55999755859375,97.87109375,132.41091918945312,227.60791015625,12.06018352508545,223.07000732421875
2022-10-10,137.974853515625,113.66999816894531,97.05780792236328,132.7482452392578,222.75921630859375,11.654714584350586,222.9600067138672
2022-10-11,136.55996704101562,112.20999908447266,96.38338470458984,127.53912353515625,219.02796936035156,11.57082748413086,216.5
2022-10-12,135.9310760498047,112.9000015258789,96.7602767944336,126.50724029541016,219.35833740234375,11.484939575195312,217.24000549316406
2022-10-13,140.5001220703125,112.52999877929688,98.24797058105469,129.2755126953125,227.60791015625,11.9443359375,221.72000122070312
2022-10-14,135.9703826904297,106.9000015258789,95.76846313476562,125.77300262451172,222.08876037597656,11.212298393249512,204.99000549316406
2022-10-17,139.9302215576172,113.79000091552734,99.1505126953125,132.99630737304688,230.8047637939453,11.872431755065918,219.35000610351562
2022-10-18,141.24688720703125,116.36000061035156,99.94396209716797,131.7659454345703,231.74732971191406,11.951329231262207,220.19000244140625
2022-10-19,141.35498046875,115.06999969482422,98.81330108642578,132.19264221191406,229.78451538085938,12.035218238830566,222.0399932861328
2022-10-20,140.8931427001953,115.25,99.1505126953125,130.50584411621094,229.4638671875,12.178028106689453,207.27999877929688
2022-10-21,144.70559692382812,119.31999969482422,100.30101776123047,128.9976806640625,235.26483154296875,12.449673652648926,214.44000244140625
2022-10-24,146.84765625,119.81999969482422,101.67961120605469,128.70993041992188,240.24957275390625,12.582499504089355,211.25
2022-10-25,149.6873321533203,120.5999984741211,103.62356567382812,136.4392852783203,243.56304931640625,13.243631362915039,222.4199981689453
2022-10-26,146.74935913085938,115.66000366210938,94.15184020996094,128.80917358398438,224.7705841064453,12.879109382629395,224.63999938964844
2022-10-27,142.27857971191406,110.95999908447266,91.46405792236328,97.17741394042969,220.3300018310547,13.158742904663086,225.08999633789062
2022-10-28,153.0281219482422,103.41000366210938,95.50068664550781,98.42758178710938,229.19180297851562,13.81588363647461,228.52000427246094
2022-10-31,150.6698760986328,102.44000244140625,93.73528289794922,92.43462371826172,225.55767822265625,13.479323387145996,227.5399932861328
2022-11-01,148.02674865722656,96.79000091552734,89.7283935546875,94.458740234375,221.70977783203125,13.525264739990234,227.82000732421875
2022-11-02,142.50460815429688,92.12000274658203,86.25708770751953,89.83502960205078,213.8682861328125,13.201687812805176,214.97999572753906
2022-11-03,136.46168518066406,89.30000305175781,82.74610137939453,88.21772766113281,208.18392944335938,13.403424263000488,215.30999755859375
2022-11-04,136.1959228515625,90.9800033569336,85.87027740478516,90.08308410644531,215.1217498779297,14.137460708618164,207.47000122070312
2022-11-07,136.7274169921875,90.52999877929688,87.76461791992188,95.9668960571289,221.41827392578125,14.282270431518555,197.0800018310547
2022-11-08,137.29827880859375,89.9800033569336,88.17127227783203,95.71884155273438,222.38995361328125,14.582877159118652,191.3000030517578
2022-11-09,132.74136352539062,86.13999938964844,86.60421752929688,100.67991638183594,218.1534423828125,13.757960319519043,177.58999633789062
2022-11-10,144.55194091796875,96.62999725341797,93.16995239257812,110.99893951416016,236.1004638671875,15.72937297821045,190.72000122070312
2022-11-11,147.33729553222656,100.79000091552734,95.61971282958984,112.13997650146484,240.113525390625,16.305620193481445,195.97000122070312
2022-11-14,145.93971252441406,98.48999786376953,94.91551208496094,113.33064270019531,234.7109832763672,16.27366065979004,190.9499969482422
2022-11-15,147.671875,98.94000244140625,97.63306427001953,116.16838073730469,235.11907958984375,16.644174575805664,194.4199981689453
2022-11-16,146.441650390625,97.12000274658203,98.03970336914062,112.34834289550781,235.5478057861328,15.88916301727295,186.9199981689453
2022-11-17,148.34115600585938,94.8499984741211,97.55371856689453,110.58220672607422,235.4990997314453,15.65647029876709,183.1699981689453
2022-11-18,148.9021759033203,94.13999938964844,96.63134765625,111.17755126953125,235.05088806152344,15.388821601867676,180.19000244140625
2022-11-21,145.67398071289062,92.45999908447266,94.81634521484375,109.00458526611328,235.859619140625,15.296941757202148,167.8699951171875
2022-11-22,147.8096923828125,93.19999694824219,96.25447082519531,110.5722885131836,238.76341247558594,16.016998291015625,169.91000366210938
2022-11-23,148.68568420410156,94.12999725341797,97.65288543701172,111.36605072021484,241.24819946289062,16.497364044189453,183.1999969482422
2022-11-25,145.77236938476562,93.41000366210938,96.66109466552734,110.54251861572266,241.16050720214844,16.248693466186523,182.86000061035156
2022-11-28,141.9438018798828,93.94999694824219,95.26265716552734,107.93299865722656,235.57704162597656,15.8062744140625,182.9199981689453
2022-11-29,138.94190979003906,92.41999816894531,94.40971374511719,108.60770416259766,234.18360900878906,15.618517875671387,180.8300018310547
2022-11-30,145.69363403320312,96.54000091552734,100.16217041015625,117.180419921875,248.6148681640625,16.905160903930664,194.6999969482422
2022-12-01,145.9691925048828,95.5,100.16217041015625,119.50221252441406,248.17637634277344,17.116941452026367,194.6999969482422
2022-12-02,145.47714233398438,94.12999725341797,99.61666870117188,122.52845764160156,248.4979248046875,16.85820960998535,194.86000061035156
2022-12-05,144.31573486328125,91.01000213623047,98.66454315185547,121.4767074584961,243.8012237548828,16.59248924255371,182.4499969482422
2022-12-06,140.6544647216797,88.25,96.18502807617188,113.23143005371094,238.8511199951172,15.970148086547852,179.82000732421875
2022-12-07,138.71554565429688,88.45999908447266,94.1617660522461,113.04289245605469,238.1202850341797,16.103008270263672,174.0399932861328
2022-12-08,140.3985595703125,90.3499984741211,92.94183349609375,114.43199920654297,241.07281494140625,17.150903701782227,173.44000244140625
2022-12-09,139.91629028320312,89.08999633789062,92.06905364990234,114.99755859375,239.1434326171875,16.98307991027832,179.0500030517578
2022-12-12,142.20953369140625,90.55000305175781,92.54511260986328,113.81682586669922,246.05213928222656,17.516515731811523,167.82000732421875
2022-12-13,143.17404174804688,92.48999786376953,94.84609985351562,119.21446990966797,250.34934997558594,18.052949905395508,160.9499969482422
2022-12-14,140.94970703125,91.58000183105469,94.29069519042969,120.64324188232422,250.6416778564453,17.655370712280273,156.8000030517578
2022-12-15,134.3456268310547,88.44999694824219,90.1152114868164,115.24561309814453,242.6416015625,16.934127807617188,157.6699981689453
2022-12-16,132.38705444335938,87.86000061035156,89.52012634277344,118.50007629394531,238.43214416503906,16.553531646728516,150.22999572753906
2022-12-19,130.28079223632812,84.91999816894531,87.71503448486328,113.58861541748047,234.300537109375,16.23686408996582,149.8699951171875
2022-12-20,130.2119140625,85.19000244140625,88.290283203125,116.17828369140625,235.61599731445312,16.06804656982422,137.8000030517578
2022-12-21,133.31219482421875,86.7699966430664,88.84569549560547,118.82750701904297,238.17877197265625,16.48360252380371,137.57000732421875
2022-12-22,130.1429901123047,83.79000091552734,87.04061889648438,116.20805358886719,232.09835815429688,15.322831153869629,125.3499984741211
2022-12-23,129.7788848876953,85.25,88.4985580444336,117.12090301513672,232.62454223632812,15.189970970153809,123.1500015258789
2022-12-27,127.97774505615234,83.04000091552734,86.67364501953125,115.96992492675781,230.8998260498047,14.10611629486084,109.0999984741211
2022-12-28,124.05071258544922,81.81999969482422,85.31486511230469,114.71974182128906,228.53196716308594,14.02120590209961,112.70999908447266
2022-12-29,127.56438446044922,84.18000030517578,87.72493743896484,119.3236083984375,234.84620666503906,14.587606430053711,121.81999969482422
2022-12-30,127.8792953491211,84.0,87.50675964355469,119.40299224853516,233.6866912841797,14.598594665527344,123.18000030517578
2023-01-03,123.09602355957031,85.81999969482422,88.38946533203125,123.76872253417969,233.45278930664062,14.299908638000488,108.0999984741211
2023-01-04,124.36565399169922,85.13999938964844,87.35797882080078,126.37825775146484,223.2408447265625,14.733450889587402,113.63999938964844
2023-01-05,123.04680633544922,83.12000274658203,85.49339294433594,125.95160675048828,216.62448120117188,14.249963760375977,110.33999633789062
2023-01-06,127.57421112060547,86.08000183105469,86.6240463256836,129.00762939453125,219.17745971679688,14.84333610534668,113.05999755859375
2023-01-09,128.09585571289062,87.36000061035156,87.29847717285156,128.4619140625,221.31146240234375,15.611525535583496,119.7699966430664
2023-01-10,128.6666717529297,89.87000274658203,87.69519805908203,131.95448303222656,222.99722290039062,15.892229080200195,118.8499984741211
2023-01-11,131.38311767578125,95.08999633789062,90.76978302001953,131.8552703857422,229.74021911621094,15.984132766723633,123.22000122070312
2023-01-12,131.3043975830078,95.2699966430664,90.38298034667969,135.64552307128906,232.41017150878906,16.493595123291016,123.55999755859375
2023-01-13,132.63311767578125,98.12000274658203,91.3648681640625,135.91342163085938,233.1117401123047,16.881189346313477,122.4000015258789
2023-01-17,133.79444885253906,96.05000305175781,90.54167175292969,134.3060302734375,234.20310974121094,17.683340072631836,131.49000549316406
2023-01-18,133.07598876953125,95.45999908447266,90.3730697631836,131.98426818847656,229.7792205810547,17.358684539794922,128.77999877929688
2023-01-19,133.13504028320312,93.68000030517578,92.28724670410156,135.08987426757812,225.99844360351562,16.747325897216797,127.16999816894531
2023-01-20,135.69400024414062,97.25,97.21650695800781,138.28480529785156,234.07644653320312,17.82019805908203,133.4199981689453
2023-01-23,138.88284301757812,97.5199966430664,98.97200775146484,142.15444946289062,236.3760528564453,19.172767639160156,143.75
2023-01-24,140.2804412841797,96.31999969482422,96.89912414550781,142.0254669189453,235.84983825683594,19.244693756103516,143.88999938964844
2023-01-25,139.62103271484375,97.18000030517578,94.43946075439453,140.39822387695312,234.4564666748047,19.302631378173828,144.42999267578125
2023-01-26,141.6879119873047,99.22000122070312,96.72059631347656,146.15304565429688,241.657470703125,19.781124114990234,160.27000427246094
2023-01-27,143.62680053710938,102.23999786376953,98.5554428100586,150.55850219726562,241.8133544921875,20.34353256225586,177.89999389648438
2023-01-30,140.7430419921875,100.55000305175781,96.1453628540039,145.91493225097656,236.50279235839844,19.141799926757812,166.66000366210938
2023-01-31,142.01266479492188,103.12999725341797,98.02977752685547,147.81007385253906,241.47230529785156,19.516407012939453,173.22000122070312
2023-02-01,143.1346435546875,105.1500015258789,99.60675811767578,151.92774963378906,246.28599548339844,20.92092514038086,181.41000366210938
2023-02-02,148.43963623046875,112.91000366210938,106.85681915283203,187.30015563964844,257.8329162597656,21.68611717224121,188.27000427246094
2023-02-03,152.0615234375,103.38999938964844,103.92109680175781,185.07760620117188,251.74276733398438,21.077760696411133,189.97999572753906
2023-02-06,149.33526611328125,102.18000030517578,102.05651092529297,184.61126708984375,250.2031707763672,21.066770553588867,194.75999450683594
2023-02-07,152.20916748046875,102.11000061035156,106.75763702392578,190.12796020507812,260.7171630859375,22.149627685546875,196.80999755859375
2023-02-08,149.52224731445312,100.05000305175781,98.5554428100586,182.00173950195312,259.9084777832031,22.181591033935547,201.2899932861328
2023-02-09,148.48886108398438,98.23999786376953,94.23118591308594,176.53463745117188,256.87799072265625,22.313453674316406,207.32000732421875
2023-02-10,148.85353088378906,97.61000061035156,93.79479217529297,172.79400634765625,256.37127685546875,21.242582321166992,196.88999938964844
2023-02-13,151.6529998779297,99.54000091552734,93.83445739746094,178.0328826904297,264.38104248046875,21.765029907226562,194.63999938964844
2023-02-14,151.01226806640625,99.69999694824219,93.90389251708984,178.08248901367188,265.20941162109375,22.946781158447266,209.25
2023-02-15,153.11184692382812,101.16000366210938,96.1453628540039,175.78057861328125,263.0895080566406,22.739999771118164,214.24000549316406
2023-02-16,151.51498413085938,98.1500015258789,94.7270736694336,171.09730529785156,256.0853576660156,21.97880744934082,202.0399932861328
2023-02-17,150.37155151367188,97.19999694824219,93.57658386230469,171.53392028808594,252.0900115966797,21.365453720092773,208.30999755859375
2023-02-21,146.3596649169922,94.58000183105469,91.03755950927734,170.7401123046875,246.82470703125,20.633228302001953,197.3699951171875
2023-02-22,146.7835235595703,95.79000091552734,90.89871215820312,169.78759765625,245.69154357910156,20.732118606567383,200.86000061035156
2023-02-23,147.2665557861328,95.81999969482422,90.14495086669922,170.700439453125,248.87612915039062,23.63905143737793,202.07000732421875
2023-02-24,144.61492919921875,93.5,88.39937591552734,169.06326293945312,243.45452880859375,23.261451721191406,196.8800048828125
2023-02-27,145.8076629638672,93.76000213623047,89.13331604003906,168.2198944091797,244.372802734375,23.476221084594727,207.6300048828125
2023-02-28,145.3049774169922,94.2300033569336,89.32176208496094,173.57785034179688,243.64988708496094,23.191526412963867,205.7100067138672
2023-03-01,143.2349395751953,92.16999816894531,89.61930847167969,172.06968688964844,240.57273864746094,22.674072265625,202.77000427246094
2023-03-02,143.82638549804688,92.12999725341797,91.245849609375,173.17103576660156,245.30081176757812,23.289426803588867,190.89999389648438
2023-03-03,148.87326049804688,94.9000015258789,92.88232421875,183.80758666992188,249.38409423828125,23.864816665649414,197.7899932861328
2023-03-06,151.6332550048828,93.75,94.3501968383789,183.46031188964844,250.9275360107422,23.529170989990234,193.80999755859375
2023-03-07,149.43511962890625,93.55000305175781,93.09062194824219,183.0733184814453,248.27041625976562,23.26740264892578,187.7100067138672
2023-03-08,150.68699645996094,93.91999816894531,93.47740936279297,183.5297393798828,247.8308563232422,24.15961456298828,182.0
2023-03-09,148.43954467773438,92.25,91.563232421875,180.27528381347656,246.48281860351562,23.415271759033203,172.9199981689453
2023-03-10,146.37937927246094,90.7300033569336,89.88707733154297,178.11224365234375,242.83912658691406,22.944692611694336,173.44000244140625
2023-03-13,148.3212432861328,92.43000030517578,90.36314392089844,179.491455078125,248.0457763671875,22.945688247680664,174.47999572753906
2023-03-14,150.41098022460938,94.87999725341797,93.19970703125,192.50929260253906,254.7568817138672,24.041717529296875,183.25999450683594
2023-03-15,150.80526733398438,96.19999694824219,95.32217407226562,196.21023559570312,259.29931640625,24.206573486328125,180.4499969482422
2023-03-16,153.62442016601562,100.04000091552734,99.4976577758789,203.33432006835938,269.81036376953125,25.518409729003906,184.1300048828125
2023-03-17,152.78656005859375,98.94999694824219,100.78700256347656,194.08692932128906,272.96563720703125,25.702245712280273,180.1300048828125
2023-03-20,155.15228271484375,97.70999908447266,100.39028930664062,196.269775390625,265.93218994140625,25.877090454101562,183.25
2023-03-21,157.0054168701172,100.61000061035156,104.05995178222656,200.5859375,267.4463195800781,26.175825119018555,197.5800018310547
2023-03-22,155.576171875,98.69999694824219,102.52265930175781,198.2541961669922,265.9908142089844,26.444591522216797,191.14999389648438
2023-03-23,156.6604461669922,98.70999908447266,104.73436737060547,202.68939208984375,271.2366027832031,27.166950225830078,192.22000122070312
2023-03-24,157.96160888671875,98.12999725341797,104.57569122314453,204.4059295654297,274.0792541503906,26.755313873291016,190.41000366210938
2023-03-27,156.0197296142578,98.04000091552734,101.62010192871094,201.26063537597656,269.9862060546875,26.50753402709961,191.80999755859375
2023-03-28,155.39871215820312,97.23999786376953,100.20183563232422,199.11740112304688,268.86285400390625,26.386642456054688,189.19000244140625
2023-03-29,158.4741668701172,100.25,100.55889129638672,203.75108337402344,274.0207214355469,26.96013641357422,193.8800048828125
2023-03-30,160.0414581298828,102.0,100.06298065185547,206.22166442871094,277.478759765625,27.358779907226562,195.27999877929688
2023-03-31,162.54519653320312,103.29000091552734,102.87970733642578,210.28976440429688,281.63037109375,27.752429962158203,207.4600067138672
2023-04-03,163.7970733642578,102.41000366210938,103.5045394897461,211.4109649658203,280.5852355957031,27.94026756286621,194.77000427246094
2023-04-04,163.26475524902344,103.94999694824219,103.8615951538086,213.04811096191406,280.5363464355469,27.428714752197266,192.5800018310547
2023-04-05,161.42144775390625,101.0999984741211,103.61363220214844,209.83331298828125,277.7620544433594,26.857227325439453,185.52000427246094
2023-04-06,162.3086395263672,102.05999755859375,107.53125762939453,214.41737365722656,284.8541259765625,27.01308822631836,185.05999755859375
2023-04-10,159.71617126464844,102.16999816894531,105.5674819946289,213.07786560058594,282.6952209472656,27.55460548400879,184.50999450683594
2023-04-11,158.50375366210938,99.91999816894531,104.48641967773438,212.1848907470703,276.28704833984375,27.144969940185547,186.7899932861328
2023-04-12,157.81373596191406,97.83000183105469,103.78224182128906,212.333740234375,276.9317321777344,26.47156524658203,180.5399932861328
2023-04-13,163.19577026367188,102.4000015258789,106.54937744140625,218.63427734375,283.1347961425781,26.439594268798828,185.89999389648438
2023-04-14,162.85076904296875,102.51000213623047,107.97756958007812,219.76541137695312,279.52044677734375,26.734331130981445,185.0
2023-04-17,162.87046813964844,102.73999786376953,105.1013412475586,217.15586853027344,282.1188659667969,26.978116989135742,187.0399932861328
2023-04-18,164.09275817871094,102.30000305175781,103.64338684082031,216.19342041015625,281.69879150390625,27.64253044128418,184.30999755859375
2023-04-19,165.23622131347656,104.30000305175781,103.32601165771484,214.02047729492188,281.7769470214844,27.906295776367188,180.58999633789062
2023-04-20,164.2701873779297,103.80999755859375,104.42691802978516,211.4109649658203,279.4911193847656,27.08002471923828,162.99000549316406
2023-04-21,162.66346740722656,106.95999908447266,104.54593658447266,211.23236083984375,279.1492004394531,27.095016479492188,165.0800018310547
2023-04-24,162.96905517578125,106.20999908447266,105.1013412475586,211.1331329345703,275.25146484375,27.01807975769043,162.5500030517578
2023-04-25,161.43133544921875,102.56999969482422,102.99871826171875,205.93392944335938,269.0484313964844,26.217790603637695,160.6699981689453
2023-04-26,161.42144775390625,104.9800033569336,102.85985565185547,207.76951599121094,288.5368347167969,26.93215560913086,153.75
2023-04-27,166.0050811767578,109.81999969482422,106.70804595947266,236.7024688720703,297.77801513671875,27.201919555664062,160.19000244140625
2023-04-28,167.2569122314453,105.44999694824219,106.4601058959961,238.44879150390625,300.1518249511719,27.724458694458008,164.30999755859375
2023-05-01,167.16819763183594,102.05000305175781,106.32125854492188,241.28648376464844,298.4912109375,28.884429931640625,161.8300018310547
2023-05-02,166.13319396972656,103.62999725341797,104.45667266845703,237.37716674804688,298.3446960449219,28.18505096435547,160.30999755859375
2023-05-03,165.0587921142578,103.6500015258789,104.54593658447266,235.18438720703125,297.35797119140625,27.777408599853516,160.61000061035156
2023-05-04,163.42247009277344,104.0,103.83183288574219,231.7017364501953,298.3446960449219,27.53762435913086,161.1999969482422
2023-05-05,171.09136962890625,105.66000366210938,104.70462036132812,230.96749877929688,303.46337890625,28.65463638305664,170.05999755859375
2023-05-08,171.0223388671875,105.83000183105469,106.8865737915039,231.4536895751953,301.5096130371094,29.125215530395508,171.7899932861328
2023-05-09,169.31712341308594,106.62000274658203,106.47002410888672,231.55287170410156,299.8978576660156,28.54572868347168,169.14999389648438
2023-05-10,171.08154296875,110.19000244140625,110.83395385742188,231.26515197753906,305.0849914550781,28.859451293945312,168.5399932861328
2023-05-11,171.26881408691406,112.18000030517578,115.61444854736328,233.9540557861328,302.93585205078125,28.552724838256836,172.0800018310547
2023-05-12,170.3409423828125,110.26000213623047,116.54674530029297,231.98947143554688,301.822265625,28.3149356842041,167.97999572753906
2023-05-15,169.847412109375,111.19999694824219,115.55493927001953,237.00015258789062,302.3009033203125,28.927391052246094,166.35000610351562
2023-05-16,169.847412109375,113.4000015258789,118.53034973144531,236.96047973632812,304.5281677246094,29.18716049194336,166.52000427246094
2023-05-17,170.4593963623047,115.5,119.84944915771484,240.6018829345703,307.40643310546875,30.151304244995117,173.86000061035156
2023-05-18,172.7889404296875,118.1500015258789,121.8231430053711,244.92791748046875,311.83148193359375,31.649986267089844,176.88999938964844
2023-05-19,172.8975067138672,116.25,121.75371551513672,243.72735595703125,311.6553039550781,31.236347198486328,180.13999938964844
2023-05-22,171.94992065429688,115.01000213623047,124.02493286132812,246.386474609375,314.4356384277344,31.148426055908203,188.8699951171875
2023-05-23,169.343994140625,114.98999786376953,121.55533599853516,244.81878662109375,308.6399841308594,30.660856246948242,185.77000427246094
2023-05-24,169.6204071044922,116.75,119.90895080566406,247.26956176757812,307.25958251953125,30.51099395751953,182.89999389648438
2023-05-25,170.7555389404297,115.0,122.46781158447266,250.72247314453125,319.0761413574219,37.94640350341797,184.47000122070312
2023-05-26,173.16400146484375,120.11000061035156,123.58853912353516,259.99969482421875,325.8997802734375,38.911556243896484,193.1699981689453
2023-05-30,175.00987243652344,121.66000366210938,122.65624237060547,260.4759521484375,324.2550354003906,40.075523376464844,201.16000366210938
2023-05-31,174.9604949951172,120.58000183105469,121.86280822753906,262.6587829589844,321.4942932128906,37.800537109375,203.92999267578125
2023-06-01,177.76382446289062,122.7699966430664,122.70584106445312,270.4873352050781,325.5962829589844,39.73482894897461,207.52000427246094
2023-06-02,178.61268615722656,124.25,123.64804077148438,270.4873352050781,328.3570556640625,39.29221725463867,213.97000122070312
2023-06-05,177.26039123535156,125.30000305175781,124.97706604003906,269.27685546875,328.8857727050781,39.136356353759766,217.61000061035156
2023-06-06,176.8951873779297,126.61000061035156,126.26640319824219,269.0089416503906,326.6732177734375,38.61981201171875,221.30999755859375
2023-06-07,175.5231475830078,121.2300033569336,121.49584197998047,261.5474853515625,316.5894775390625,37.44572067260742,224.57000732421875
2023-06-08,178.23760986328125,124.25,121.1387939453125,262.5198669433594,318.42999267578125,38.479923248291016,234.86000061035156
2023-06-09,178.62258911132812,123.43000030517578,121.22805786132812,262.8869934082031,319.9278259277344,38.73971939086914,244.39999389648438
2023-06-12,181.41603088378906,126.56999969482422,122.62648010253906,268.9394836425781,324.88165283203125,39.45116424560547,249.8300018310547
2023-06-13,180.94223022460938,126.66000366210938,122.81493377685547,269.2074279785156,327.2703857421875,40.989952087402344,258.7099914550781
2023-06-14,181.57395935058594,126.41999816894531,122.65624237060547,271.2216491699219,330.25634765625,42.96342468261719,256.7900085449219
2023-06-15,183.60733032226562,127.11000061035156,124.0645980834961,279.6355895996094,340.79034423828125,42.61968994140625,255.89999389648438
2023-06-16,182.53140258789062,125.48999786376953,122.51738739013672,278.8120422363281,335.1414794921875,42.65864944458008,260.5400085449219
2023-06-20,182.62025451660156,125.77999877929688,122.0909194946289,282.1160888671875,330.951416015625,43.77378845214844,274.45001220703125
2023-06-21,181.5838165283203,124.83000183105469,119.56183624267578,279.4470520019531,326.55572509765625,43.011375427246094,259.4599914550781
2023-06-22,184.5845489501953,130.14999389648438,122.14051055908203,282.6618347167969,332.5765075683594,42.991390228271484,264.6099853515625
2023-06-23,184.26866149902344,129.3300018310547,121.33715057373047,286.48187255859375,327.9850158691406,42.17603302001953,256.6000061035156
2023-06-26,182.8769073486328,127.33000183105469,117.36992645263672,276.30169677734375,321.6998596191406,40.60026550292969,241.0500030517578
2023-06-27,185.63087463378906,129.17999267578125,117.36001586914062,284.81488037109375,327.54449462890625,41.84328842163086,250.2100067138672
2023-06-28,186.80551147460938,129.0399932861328,119.1948471069336,283.06866455078125,328.797607421875,41.08488464355469,256.239990234375
2023-06-29,187.14108276367188,127.9000015258789,118.12370300292969,279.33795166015625,328.01434326171875,40.79011154174805,257.5
2023-06-30,191.46450805664062,130.36000061035156,118.71878051757812,284.7454528808594,333.38916015625,42.26896286010742,261.7699890136719
2023-07-03,189.97402954101562,130.22000122070312,118.91714477539062,283.7929382324219,330.8926696777344,42.37986373901367,279.82000732421875
2023-07-05,188.85865783691406,130.3800048828125,120.75199890136719,292.0778503417969,331.0492858886719,42.28395080566406,282.4800109863281
2023-07-06,189.3324432373047,128.36000061035156,119.12542724609375,289.7164611816406,334.10382080078125,42.07012176513672,276.5400085449219
2023-07-07,188.217041015625,129.77999877929688,118.5005874633789,288.2677917480469,330.1388244628906,42.46979904174805,274.42999267578125
2023-07-10,186.1737518310547,127.12999725341797,115.49542999267578,291.8100280761719,324.8619689941406,42.14705276489258,269.6099853515625
2023-07-11,185.650634765625,128.77999877929688,116.17977142333984,295.9673767089844,325.4885559082031,42.37187576293945,269.7900085449219
2023-07-12,187.31878662109375,130.8000030517578,117.9551010131836,306.93133544921875,330.11932373046875,43.86770248413086,271.989990234375
2023-07-13,188.0788116455078,134.3000030517578,123.51911926269531,310.96966552734375,335.4646301269531,45.94108963012695,277.8999938964844
2023-07-14,188.22689819335938,134.67999267578125,124.39189147949219,306.46502685546875,337.9903869628906,45.43348693847656,281.3800048828125
2023-07-17,191.48428344726562,133.55999755859375,123.62822723388672,308.20135498046875,338.4701843261719,46.42470932006836,290.3800048828125
2023-07-18,191.2276153564453,132.8300018310547,122.7455062866211,309.6202087402344,351.9411926269531,47.4568977355957,293.3399963378906
2023-07-19,192.57992553710938,135.36000061035156,121.0296859741211,313.5494689941406,347.6237487792969,47.04022979736328,291.260009765625
2023-07-20,190.63539123535156,129.9600067138672,118.2228775024414,300.16448974609375,339.5862121582031,45.48443603515625,262.8999938964844
2023-07-21,189.4607391357422,130.0,119.03614807128906,291.9687805175781,336.55133056640625,44.274383544921875,260.0199890136719
2023-07-24,190.2602996826172,128.8000030517578,120.5337905883789,289.3393859863281,337.8631896972656,44.577152252197266,269.05999755859375
2023-07-25,191.11903381347656,129.1300048828125,121.20821380615234,292.1771545410156,343.6098937988281,45.64331817626953,265.2799987792969
2023-07-26,191.9876708984375,128.14999389648438,128.21034240722656,296.2452392578125,330.6773376464844,45.41649627685547,264.3500061035156
2023-07-27,190.72422790527344,128.25,128.33926391601562,309.2829284667969,323.7752990722656,45.8641471862793,255.7100067138672
2023-07-28,193.3004913330078,132.2100067138672,131.4932098388672,322.9456481933594,331.2646789550781,46.71348571777344,266.44000244140625
2023-07-31,193.91249084472656,133.67999267578125,131.63206481933594,316.1192626953125,328.8661193847656,46.69249725341797,267.42999267578125
2023-08-01,193.08334350585938,131.69000244140625,130.47166442871094,320.1972351074219,329.2773132324219,46.47066879272461,261.07000732421875
2023-08-02,190.0924835205078,128.2100067138672,127.32763671875,311.86260986328125,320.62298583984375,44.23441696166992,254.11000061035156
2023-08-03,188.70068359375,128.91000366210938,127.39705657958984,310.75140380859375,319.8005676269531,44.48023223876953,259.32000732421875
2023-08-04,179.6392822265625,139.57000732421875,127.05985260009766,308.31048583984375,320.8971252441406,44.645103454589844,253.86000061035156
2023-08-07,176.5398406982422,142.22000122070312,130.45181274414062,314.0951232910156,323.1781311035156,45.38153076171875,251.4499969482422
2023-08-08,177.47755432128906,139.94000244140625,130.3228759765625,310.2056579589844,319.2033996582031,44.62911605834961,249.6999969482422
2023-08-09,175.88836669921875,137.85000610351562,128.59713745117188,302.83349609375,315.4635925292969,42.52075958251953,242.19000244140625
2023-08-10,175.6711883544922,138.55999755859375,128.6269073486328,303.3594055175781,316.14892578125,42.354896545410156,245.33999633789062
2023-08-11,175.73048400878906,138.41000366210938,128.49794006347656,299.291259765625,314.2692565917969,40.823089599609375,242.64999389648438
2023-08-14,177.3811492919922,140.57000732421875,130.2534637451172,303.805908203125,317.2355651855469,43.71882629394531,239.75999450683594
2023-08-15,175.39442443847656,137.6699981689453,128.71615600585938,299.5989074707031,315.10137939453125,43.905677795410156,232.9600067138672
2023-08-16,174.52467346191406,135.07000732421875,127.64501190185547,291.9985046386719,314.33612060546875,43.452030181884766,225.60000610351562
2023-08-17,171.98440551757812,133.97999572753906,128.85501098632812,282.8701477050781,310.88275146484375,43.31014633178711,219.22000122070312
2023-08-18,172.46873474121094,133.22000122070312,126.41517639160156,281.0445251464844,310.4903564453125,43.26517868041992,215.49000549316406
2023-08-21,173.8031005859375,134.67999267578125,127.31771087646484,287.64276123046875,315.7881774902344,46.93031311035156,231.27999877929688
2023-08-22,175.17698669433594,134.25,128.0218963623047,285.3606262207031,316.3571472167969,45.632328033447266,233.19000244140625
2023-08-23,179.0219268798828,135.52000427246094,131.28492736816406,291.9489440917969,320.8112487792969,47.07920455932617,236.86000061035156
2023-08-24,174.3368377685547,131.83999633789062,128.71615600585938,284.5172424316406,313.91424560546875,47.12615966796875,230.0399932861328
2023-08-25,176.54098510742188,133.25999450683594,128.8153533935547,283.2769470214844,316.8673095703125,45.9820556640625,238.58999633789062
2023-08-28,178.10272216796875,133.13999938964844,129.93609619140625,287.99993896484375,317.5737609863281,46.79841613769531,238.82000732421875
2023-08-29,181.9871826171875,134.91000366210938,133.4669189453125,295.66973876953125,322.1945495605469,48.74589157104492,257.17999267578125
2023-08-30,185.47625732421875,135.07000732421875,134.7661590576172,292.80224609375,322.5673828125,49.22551727294922,256.8999938964844
2023-08-31,185.69374084472656,138.00999450683594,135.05377197265625,293.58612060546875,321.556884765625,49.31645202636719,258.0799865722656
2023-09-01,187.2653350830078,138.1199951171875,134.5479736328125,294.0722961425781,322.4398193359375,48.471107482910156,245.00999450683594
2023-09-05,187.5025177001953,137.27000427246094,134.65707397460938,297.8129577636719,327.2372741699219,48.51007843017578,256.489990234375
2023-09-06,180.79122924804688,135.36000061035156,133.35780334472656,296.8405456542969,326.5799865722656,47.02811813354492,251.9199981689453
2023-09-07,175.50315856933594,137.85000610351562,134.1512451171875,296.3444519042969,323.6661682128906,46.20869064331055,251.49000549316406
2023-09-08,176.11598205566406,138.22999572753906,135.26206970214844,295.570556640625,327.94366455078125,45.54015350341797,248.5
2023-09-11,177.28231811523438,143.10000610351562,135.79763793945312,305.16522216796875,331.544189453125,45.14643096923828,273.5799865722656
2023-09-12,174.25775146484375,141.22999572753906,134.23057556152344,299.31121826171875,325.490966796875,44.838645935058594,267.4800109863281
2023-09-13,172.1919708251953,144.85000610351562,135.58937072753906,302.6846923828125,329.69976806640625,45.453216552734375,271.29998779296875
2023-09-14,173.70425415039062,144.72000122070312,136.96795654296875,309.2928466796875,332.28985595703125,45.549156188964844,276.0400085449219
2023-09-15,172.98269653320312,140.38999938964844,136.27369689941406,297.9716491699219,323.9703063964844,43.869319915771484,274.3900146484375
2023-09-18,175.90841674804688,139.97999572753906,137.0770721435547,300.1942138671875,322.8321838378906,43.93527603149414,265.2799987792969
2023-09-19,176.9956817626953,137.6300048828125,136.908447265625,302.69464111328125,322.4300231933594,43.489585876464844,266.5
2023-09-20,173.4571533203125,135.2899932861328,132.64370727539062,297.336669921875,314.6991271972656,42.2094841003418,262.5899963378906
2023-09-21,171.91522216796875,129.3300018310547,129.37074279785156,293.4273376464844,313.48260498046875,40.98833465576172,255.6999969482422
2023-09-22,172.76524353027344,129.1199951171875,129.18231201171875,296.7512512207031,311.0102844238281,41.58092498779297,244.8800048828125
2023-09-25,174.04031372070312,131.27000427246094,130.03524780273438,298.4876403808594,311.5302734375,42.1924934387207,246.99000549316406
2023-09-26,169.9680633544922,125.9800033569336,127.51607513427734,296.6322021484375,306.2324523925781,41.8817138671875,244.1199951171875
2023-09-27,168.45579528808594,125.9800033569336,129.46994018554688,295.42169189453125,306.87017822265625,42.43832778930664,240.5
2023-09-28,168.71275329589844,125.9800033569336,131.22540283203125,301.5932312011719,307.7041015625,43.05889129638672,246.3800048828125
2023-09-29,169.2267608642578,127.12000274658203,129.78729248046875,297.8724670410156,309.7742004394531,43.46860122680664,250.22000122070312
2023-10-02,171.73728942871094,129.4600067138672,133.07017517089844,304.4309997558594,315.70965576171875,44.750709533691406,251.60000610351562
2023-10-03,170.40293884277344,124.72000122070312,131.3444366455078,298.5968017578125,307.4588623046875,43.48658752441406,246.52999877929688
2023-10-04,171.64837646484375,127.0,134.13140869140625,303.20062255859375,312.9234619140625,44.010223388671875,261.1600036621094
2023-10-05,172.88388061523438,125.95999908447266,133.9628143310547,302.4168395996094,313.3158264160156,44.656776428222656,260.04998779296875
2023-10-06,175.43399047851562,127.95999908447266,136.4522247314453,312.97393798828125,321.0663146972656,45.73002624511719,260.5299987792969
2023-10-09,176.91661071777344,128.25999450683594,137.28533935546875,315.8810729980469,323.5779113769531,45.241363525390625,259.6700134277344
2023-10-10,176.3235626220703,129.47999572753906,136.92828369140625,319.33404541015625,322.17498779296875,45.765995025634766,263.6199951171875
2023-10-11,177.71719360351562,131.8300018310547,139.3978729248047,325.2674255371094,326.12872314453125,46.77329635620117,262.989990234375
2023-10-12,178.61671447753906,132.3300018310547,137.83084106445312,321.63592529296875,324.89251708984375,46.912193298339844,258.8699951171875
2023-10-13,176.7782440185547,129.7899932861328,136.23403930664062,312.23968505859375,321.52740478515625,45.429229736328125,251.1199951171875
2023-10-16,176.64974975585938,132.5500030517578,137.9597625732422,318.6494140625,326.34454345703125,46.06278991699219,253.9199981689453
2023-10-17,175.09791564941406,131.47000122070312,138.57470703125,321.47723388671875,325.7754821777344,43.90729904174805,254.85000610351562
2023-10-18,173.8031005859375,128.1300048828125,136.82911682128906,314.5019836425781,323.8623962402344,42.1665153503418,242.67999267578125
2023-10-19,173.42752075195312,128.39999389648438,136.62083435058594,310.37432861328125,325.0494689941406,42.071590423583984,220.11000061035156
2023-10-20,170.8773956298828,125.16999816894531,134.4884490966797,306.2467346191406,320.487548828125,41.35808563232422,211.99000549316406
2023-10-23,170.99598693847656,126.55999755859375,135.38108825683594,311.56500244140625,323.08734130859375,42.944969177246094,212.0800018310547
2023-10-24,171.43087768554688,128.55999755859375,137.67213439941406,310.1163635253906,324.27447509765625,43.63248825073242,216.52000427246094
2023-10-25,169.11801147460938,121.38999938964844,124.58035278320312,297.1977233886719,334.2225646972656,41.74980545043945,212.4199981689453
2023-10-26,164.95677185058594,119.56999969482422,121.27764892578125,286.10479736328125,321.6844482421875,40.297821044921875,205.75999450683594
2023-10-27,166.27137756347656,127.73999786376953,121.16854095458984,294.4195861816406,323.5680236816406,40.471702575683594,207.3000030517578
2023-10-30,168.3173828125,132.7100067138672,123.43976593017578,300.30340576171875,330.92608642578125,41.13223648071289,197.36000061035156
2023-10-31,168.79180908203125,133.08999633789062,123.0628890991211,298.9241943359375,331.7109375,40.75150680541992,200.83999633789062
2023-11-01,171.9547576904297,137.0,125.41346740722656,309.4218444824219,339.5202941894531,42.29542922973633,205.66000366210938
2023-11-02,175.51307678222656,138.07000732421875,126.4449462890625,308.449462890625,341.72772216796875,43.47560119628906,218.50999450683594
2023-11-03,174.6037139892578,138.60000610351562,128.041748046875,312.150390625,346.1229553222656,44.97355270385742,219.9600067138672
2023-11-06,177.15380859375,139.74000549316406,129.18231201171875,313.3410949707031,349.7823486328125,45.71902847290039,219.27000427246094
2023-11-07,179.7138214111328,142.7100067138672,129.8964080810547,316.3375549316406,353.7066650390625,45.92288589477539,222.17999267578125
2023-11-08,180.7714080810547,142.0800018310547,130.75927734375,317.2900695800781,356.326171875,46.54145812988281,222.11000061035156
2023-11-09,180.2969970703125,140.60000610351562,129.17239379882812,318.05401611328125,353.86358642578125,46.91718673706055,209.97999572753906
2023-11-10,184.48348999023438,143.55999755859375,131.50311279296875,326.21002197265625,362.6736755371094,48.30122375488281,214.64999389648438
2023-11-13,182.89993286132812,142.58999633789062,131.00723266601562,326.6268005371094,359.740234375,48.58602523803711,223.7100067138672
2023-11-14,185.51280212402344,145.8000030517578,132.52467346191406,333.69134521484375,363.2623291015625,49.621299743652344,237.41000366210938
2023-11-15,186.07693481445312,143.1999969482422,133.5164794921875,330.119384765625,363.4097900390625,48.853843688964844,242.83999633789062
2023-11-16,187.75946044921875,142.8300018310547,135.80755615234375,331.5878601074219,369.79974365234375,49.4454231262207,233.58999633789062
2023-11-17,187.73968505859375,145.17999267578125,134.20083618164062,332.4313049316406,363.586669921875,49.26355743408203,234.3000030517578
2023-11-20,189.4815673828125,146.1300048828125,135.13311767578125,337.3228454589844,371.0482177734375,50.37377166748047,235.60000610351562
2023-11-21,188.67991638183594,143.89999389648438,135.8472442626953,334.3561096191406,366.752197265625,49.90909957885742,241.1999969482422
2023-11-22,189.343017578125,146.7100067138672,137.3547821044922,338.8310241699219,371.4512634277344,48.68195343017578,234.2100067138672
2023-11-24,188.0167694091797,146.74000549316406,135.5695343017578,335.596435546875,371.0383605957031,47.74261474609375,235.4499969482422
2023-11-27,187.838623046875,147.72999572753906,135.29183959960938,332.0939636230469,372.1983947753906,48.20829391479492,236.0800018310547
2023-11-28,188.4423828125,147.02999877929688,136.07533264160156,336.3504638671875,376.2191162109375,47.78758239746094,246.72000122070312
2023-11-29,187.42294311523438,146.32000732421875,133.88345336914062,329.6134033203125,372.4343566894531,48.10636520385742,244.13999938964844
2023-11-30,187.99700927734375,146.08999633789062,131.44361877441406,324.60272216796875,372.4932861328125,46.73731994628906,240.0800018310547
2023-12-01,189.27374267578125,147.02999877929688,130.7790985107422,322.2908630371094,368.1678466796875,46.732322692871094,238.8300018310547
2023-12-04,187.48233032226562,144.83999633789062,128.21034240722656,317.5282287597656,362.88873291015625,45.47820281982422,235.5800018310547
2023-12-05,191.43130493164062,146.8800048828125,129.916259765625,315.81170654296875,366.21148681640625,46.537559509277344,238.72000122070312
2023-12-06,190.3426513671875,144.52000427246094,128.95420837402344,314.9782409667969,362.55450439453125,45.4752082824707,239.3699951171875
2023-12-07,192.27259826660156,146.8800048828125,135.80755615234375,324.04705810546875,364.6681213378906,46.567535400390625,242.63999938964844
2023-12-08,193.69778442382812,147.4199981689453,133.88345336914062,330.15911865234375,367.892578125,47.47697448730469,243.83999633789062
2023-12-11,191.19378662109375,145.88999938964844,132.1973876953125,322.74725341796875,365.01214599609375,46.598514556884766,239.74000549316406
2023-12-12,192.70803833007812,147.47999572753906,131.43370056152344,331.61761474609375,368.0400085449219,47.62788772583008,237.00999450683594
2023-12-13,195.92466735839844,148.83999633789062,131.48330688476562,332.13360595703125,368.0301818847656,48.058624267578125,239.2899932861328
2023-12-14,196.07308959960938,147.4199981689453,130.8584442138672,330.5758056640625,359.7331237792969,48.320465087890625,251.0500030517578
2023-12-15,195.5386199951172,149.97000122070312,131.5130615234375,332.31219482421875,364.4518737792969,48.860137939453125,253.5
2023-12-18,193.8759307861328,154.07000732421875,134.6868133544922,341.9366455078125,366.33929443359375,50.04640579223633,252.0800018310547
2023-12-19,194.91513061523438,153.7899932861328,135.52984619140625,347.6319274902344,366.93896484375,49.573692321777344,257.2200012207031
2023-12-20,192.82681274414062,152.1199951171875,137.2059783935547,346.5603942871094,364.3436584472656,48.081607818603516,247.13999938964844
2023-12-21,192.67837524414062,153.83999633789062,139.26893615722656,351.3328857421875,367.2142333984375,48.9600715637207,254.5
2023-12-22,191.60946655273438,153.4199981689453,140.33018493652344,350.6383972167969,368.2366638183594,48.800167083740234,252.5399932861328
2023-12-26,191.06512451171875,153.41000366210938,140.35992431640625,352.0671691894531,368.3152770996094,49.24889373779297,256.6099853515625
2023-12-27,191.16409301757812,153.33999633789062,139.2193603515625,355.0437927246094,367.73529052734375,49.386810302734375,261.44000244140625
2023-12-28,191.5896759033203,153.3800048828125,139.0804901123047,355.530029296875,368.9247741699219,49.49174880981445,253.17999267578125
2023-12-29,190.55044555664062,151.94000244140625,138.54493713378906,351.2039489746094,369.6719055175781,49.49174880981445,248.47999572753906
2024-01-02,183.7313232421875,149.92999267578125,137.0373992919922,343.5935974121094,364.5894470214844,48.13856887817383,248.4199981689453
2024-01-03,182.35562133789062,148.47000122070312,137.78125,341.787841796875,364.3240051269531,47.53993606567383,238.4499969482422
2024-01-04,180.03965759277344,144.57000732421875,135.27197265625,344.4172058105469,361.7091064453125,47.96867752075195,237.92999267578125
2024-01-05,179.31715393066406,145.24000549316406,134.6173858642578,349.2095947265625,361.52227783203125,49.06700897216797,237.49000549316406
2024-01-08,183.65213012695312,149.10000610351562,137.701904296875,355.8673095703125,368.34478759765625,52.22107696533203,240.4499969482422
2024-01-09,183.23646545410156,151.3699951171875,139.79458618164062,354.64691162109375,369.4261169433594,53.10753631591797,234.9600067138672
2024-01-10,184.27566528320312,153.72999572753906,141.11370849609375,367.58538818359375,376.2879333496094,54.316795349121094,233.94000244140625
2024-01-11,183.68182373046875,155.17999267578125,140.9153594970703,366.7916259765625,378.1164245605469,54.78850555419922,227.22000122070312
2024-01-12,184.00843811035156,154.6199951171875,141.4806365966797,371.5740661621094,381.89141845703125,54.676578521728516,218.88999938964844
2024-01-16,181.74197387695312,153.16000366210938,141.32199096679688,364.59881591796875,383.6609802246094,56.34755325317383,219.91000366210938
2024-01-17,180.80174255371094,151.7100067138672,140.31033325195312,365.501708984375,382.8744812011719,56.018760681152344,215.5500030517578
2024-01-18,186.69058227539062,153.5,142.30384826660156,373.2012939453125,387.1999816894531,57.072113037109375,211.8800048828125
2024-01-19,189.59043884277344,155.33999633789062,145.18011474609375,380.4643249511719,391.9186706542969,59.45465850830078,212.19000244140625
2024-01-22,191.89646911621094,154.77999877929688,144.79327392578125,378.80731201171875,389.7952575683594,59.6175651550293,208.8000030517578
2024-01-23,193.1732177734375,156.02000427246094,145.83468627929688,382.20068359375,392.1448059082031,59.836421966552734,209.13999938964844
2024-01-24,192.50021362304688,156.8699951171875,147.4810791015625,387.6578674316406,395.7427978515625,61.32451248168945,207.8300018310547
2024-01-25,192.17361450195312,157.75,150.6250762939453,390.1185302734375,398.0137023925781,61.57936096191406,182.6300048828125
2024-01-26,190.44158935546875,159.1199951171875,150.94244384765625,391.07110595703125,397.089599609375,60.993709564208984,183.25
2024-01-29,189.75869750976562,161.25999450683594,152.25161743164062,397.8974304199219,402.7815856933594,62.426841735839844,190.92999267578125
2024-01-30,186.10659790039062,159.0,150.21847534179688,396.94500732421875,401.670654296875,62.73564910888672,191.58999633789062
2024-01-31,182.50405883789062,155.1999969482422,138.95155334472656,387.10223388671875,390.8471374511719,61.48941421508789,187.2899932861328
2024-02-01,184.9387664794922,159.27999877929688,140.0028839111328,391.7060546875,396.942138671875,62.988494873046875,188.86000061035156
2024-02-02,183.93914794921875,171.80999755859375,141.21287536621094,471.2915344238281,404.2561950683594,66.11958312988281,187.91000366210938
2024-02-05,185.75033569335938,170.30999755859375,142.50221252441406,455.83282470703125,398.78045654296875,69.2896499633789,181.05999755859375
2024-02-06,187.35369873046875,169.14999389648438,142.9187774658203,451.1794128417969,398.6231689453125,68.18132019042969,185.10000610351562
2024-02-07,187.46255493164062,170.52999877929688,144.34695434570312,465.9336242675781,407.0382080078125,70.0561752319336,187.5800018310547
2024-02-08,186.38375854492188,169.83999633789062,144.71392822265625,466.34039306640625,407.09716796875,69.59845733642578,189.55999755859375
2024-02-09,187.1468048095703,174.4499969482422,147.7786102294922,464.4651184082031,413.4281311035156,72.08893585205078,193.57000732421875
2024-02-12,185.46212768554688,172.33999633789062,146.32066345214844,465.2489929199219,408.22772216796875,72.20386505126953,188.1300048828125
2024-02-13,183.3711700439453,168.63999938964844,143.9502410888672,456.537353515625,399.4391784667969,72.08393859863281,184.02000427246094
2024-02-14,182.48919677734375,170.97999572753906,144.74371337890625,469.5948486328125,403.29986572265625,73.85486602783203,188.7100067138672
2024-02-15,182.20181274414062,169.8000030517578,141.5996856689453,480.26116943359375,400.4141540527344,72.61360931396484,200.4499969482422
2024-02-16,180.665771484375,169.50999450683594,139.36813354492188,469.6345520019531,397.9519348144531,72.56864166259766,199.9499969482422
2024-02-20,179.9225616455078,167.0800018310547,139.96319580078125,468.0767822265625,396.70111083984375,69.4095687866211,193.75999450683594
2024-02-21,180.67568969726562,168.58999633789062,141.38148498535156,464.8784484863281,396.1003723144531,67.43079376220703,194.77000427246094
2024-02-22,182.70721435546875,174.5800018310547,142.90884399414062,482.8565979003906,405.4272155761719,78.49002838134766,197.41000366210938
2024-02-23,180.8739013671875,174.99000549316406,142.77992248535156,480.7707214355469,404.13702392578125,78.76885223388672,191.97000122070312
2024-02-26,179.5261688232422,174.72999572753906,136.4423065185547,478.4961242675781,401.3793640136719,79.04368591308594,199.39999389648438
2024-02-27,180.98291015625,173.5399932861328,137.7415771484375,483.7703857421875,401.3202819824219,78.65292358398438,199.72999572753906
2024-02-28,179.7838134765625,173.16000366210938,135.26206970214844,480.7607421875,401.5566101074219,77.61554718017578,202.0399932861328
2024-02-29,179.11985778808594,176.75999450683594,137.3249969482422,486.82965087890625,407.3871154785156,79.06368255615234,201.8800048828125
2024-03-01,178.0396728515625,178.22000122070312,136.01580810546875,498.9176940917969,409.2190246582031,82.2287368774414,202.63999938964844
2024-03-04,173.5208282470703,177.5800018310547,132.25689697265625,494.8354187011719,408.6477966308594,85.18492126464844,188.13999938964844
2024-03-05,168.5857391357422,174.1199951171875,131.5824737548828,486.91900634765625,396.563232421875,85.91551208496094,180.74000549316406
2024-03-06,167.59474182128906,173.50999450683594,130.3228759765625,492.74951171875,396.0117492675781,88.64997100830078,176.5399932861328
2024-03-07,167.475830078125,176.82000732421875,133.2784423828125,508.7411193847656,402.9551696777344,92.61672973632812,178.64999389648438
2024-03-08,169.1902313232422,175.35000610351562,134.3000030517578,502.5431823730469,400.0793151855469,87.47862243652344,175.33999633789062
2024-03-11,171.19200134277344,171.9600067138672,136.54148864746094,480.33367919921875,398.4049987792969,85.72562408447266,177.77000427246094
2024-03-12,171.6676788330078,175.38999938964844,137.3647003173828,496.3848571777344,409.00238037109375,91.86116027832031,177.5399932861328
2024-03-13,169.58665466308594,176.55999755859375,138.64407348632812,492.2330017089844,408.8250732421875,90.83673858642578,169.47999572753906
2024-03-14,171.43975830078125,178.75,141.92698669433594,488.5181884765625,418.7920837402344,87.89439392089844,162.5
2024-03-15,171.06317138671875,174.4199981689453,140.02268981933594,480.84027099609375,410.1251220703125,87.78746032714844,163.57000732421875
2024-03-18,172.1532440185547,174.47999572753906,146.4694366455078,493.6335144042969,411.0115051269531,88.40511322021484,173.8000030517578
2024-03-19,174.4919891357422,175.89999389648438,145.8247528076172,492.89849853515625,415.03973388671875,89.34758758544922,171.32000732421875
2024-03-20,177.05862426757812,178.14999389648438,147.52073669433594,502.11602783203125,418.8019714355469,90.3210220336914,175.66000366210938
2024-03-21,169.82443237304688,178.14999389648438,146.39010620117188,504.3409423828125,422.87933349609375,91.38343048095703,172.82000732421875
2024-03-22,170.72625732421875,178.8699951171875,149.5341033935547,506.148681640625,422.2588806152344,94.2358169555664,170.8300018310547
2024-03-25,169.3091278076172,179.7100067138672,148.83985900878906,499.63287353515625,416.4677429199219,94.94841003417969,172.6300048828125
2024-03-26,168.17945861816406,178.3000030517578,149.43490600585938,492.5508728027344,415.27606201171875,92.50879669189453,177.6699981689453
2024-03-27,171.74696350097656,179.8300018310547,149.63327026367188,490.5345458984375,415.05938720703125,90.19910430908203,179.8300018310547
2024-03-28,169.93345642089844,180.3800048828125,149.6927947998047,482.310302734375,414.3600769042969,90.30503845214844,175.7899932861328
2024-04-01,168.49652099609375,180.97000122070312,154.21542358398438,488.0414733886719,418.1518859863281,90.3120346069336,175.22000122070312
2024-04-02,167.31727600097656,180.69000244140625,153.2930145263672,494.0209045410156,415.0692443847656,89.40154266357422,166.6300048828125
2024-04-03,168.11996459960938,182.41000366210938,153.6500701904297,503.32781982421875,414.0942077636719,88.91382598876953,168.3800048828125
2024-04-04,167.29747009277344,180.0,149.2960662841797,507.47967529296875,411.5630798339844,85.85653686523438,171.11000061035156
2024-04-05,168.0506134033203,185.07000732421875,151.24990844726562,523.7890625,419.0874938964844,87.95836639404297,164.89999389648438
2024-04-08,166.93080139160156,185.19000244140625,153.58067321777344,515.7536010742188,418.171630859375,87.08384704589844,172.97999572753906
2024-04-09,168.13978576660156,185.6699981689453,155.31629943847656,513.41943359375,419.8360595703125,85.30584716796875,176.8800048828125
2024-04-10,166.26683044433594,185.9499969482422,154.86007690429688,516.3296508789062,416.86175537109375,86.98990631103516,171.75999450683594
2024-04-11,173.46133422851562,189.0500030517578,158.10330200195312,519.6370849609375,421.4610900878906,90.56488800048828,174.60000610351562
2024-04-12,174.9577178955078,186.1300048828125,156.43704223632812,508.45306396484375,415.52227783203125,88.13626098632812,171.0500030517578
2024-04-15,171.132568359375,183.6199951171875,153.59059143066406,496.8616638183594,407.3871154785156,85.9524917602539,161.47999572753906
2024-04-16,167.85238647460938,183.32000732421875,153.13433837890625,496.3948059082031,408.3128967285156,87.36569213867188,157.11000061035156
2024-04-17,166.4848175048828,181.27999877929688,154.19557189941406,490.8424987792969,405.61431884765625,83.98760223388672,155.4499969482422
2024-04-18,165.53347778320312,179.22000122070312,154.7311553955078,498.4211120605469,398.15875244140625,84.62323760986328,149.92999267578125
2024-04-19,163.5119171142578,174.6300048828125,152.82688903808594,477.8306579589844,393.086669921875,76.15702056884766,147.0500030517578
2024-04-22,164.3443145751953,177.22999572753906,154.99891662597656,478.48626708984375,394.8988037109375,79.47315216064453,142.0500030517578
2024-04-23,165.39476013183594,179.5399932861328,156.96270751953125,492.759521484375,401.4089050292969,82.37651062011719,144.67999267578125
2024-04-24,167.4956512451172,176.58999633789062,157.82559204101562,490.1769104003906,402.8763732910156,79.63207244873047,162.1300048828125
2024-04-25,168.35780334472656,173.6699981689453,154.72120666503906,438.4079284667969,393.00787353515625,82.58540344238281,170.17999267578125
2024-04-26,167.7731170654297,179.6199951171875,170.54049682617188,440.3050537109375,400.1778259277344,87.68551635742188,168.2899932861328
2024-04-29,171.93524169921875,180.9600067138672,164.7880401611328,429.7069091796875,396.1693115234375,87.70751953125,194.0500030517578
2024-04-30,168.7938232421875,175.0,161.4456329345703,427.2734069824219,383.4446105957031,86.353271484375,183.27999877929688
2024-05-01,167.7731170654297,179.0,162.5167999267578,436.2326354980469,388.96978759765625,82.99415588378906,179.99000549316406
2024-05-02,171.46949768066406,184.72000122070312,165.25416564941406,438.7059020996094,391.8259582519531,85.76859283447266,180.00999450683594
2024-05-03,181.7261505126953,186.2100067138672,165.8690948486328,448.9166564941406,400.5126037597656,88.7389144897461,181.19000244140625
2024-05-06,180.07119750976562,188.6999969482422,166.72207641601562,462.5443115234375,407.2886657714844,92.08802795410156,184.75999450683594
2024-05-07,180.75497436523438,188.75999450683594,169.84619140625,465.0870056152344,403.1521301269531,90.50292205810547,177.80999755859375
2024-05-08,181.0919189453125,188.0,167.99154663085938,469.417724609375,404.33404541015625,90.36100769042969,174.72000122070312
2024-05-09,182.90542602539062,189.5,168.56678771972656,472.21868896484375,406.0871276855469,88.69695281982422,171.97000122070312
2024-05-10,181.64515686035156,187.47999572753906,167.2675018310547,472.99346923828125,408.470458984375,89.82730102539062,168.47000122070312
2024-05-13,184.85035705566406,186.57000732421875,167.75350952148438,464.8586120605469,407.4659118652344,90.34801483154297,171.88999938964844
2024-05-14,185.9915313720703,187.07000732421875,168.94369506835938,468.6727600097656,410.26300048828125,91.30447387695312,177.5500030517578
2024-05-15,188.26397705078125,185.99000549316406,171.0959014892578,478.2975158691406,417.43597412109375,94.5766372680664,173.99000549316406
2024-05-16,188.38304138183594,183.6300048828125,172.752197265625,470.04345703125,415.3739318847656,94.3057861328125,174.83999633789062
2024-05-17,188.41282653808594,184.6999969482422,174.61679077148438,468.7323303222656,414.6042785644531,92.42683410644531,177.4600067138672
2024-05-20,189.57383728027344,183.5399932861328,175.46975708007812,465.68304443359375,419.6658630371094,94.72654724121094,174.9499969482422
2024-05-21,190.873779296875,183.14999389648438,176.39212036132812,461.5013732910156,423.3165283203125,95.33220672607422,186.60000610351562
2024-05-22,189.43490600585938,183.1300048828125,174.9341583251953,464.6301574707031,424.7767639160156,94.89645385742188,180.11000061035156
2024-05-23,185.44578552246094,181.0500030517578,172.1273651123047,462.64361572265625,421.3037109375,103.7404556274414,173.74000549316406
2024-05-24,188.52195739746094,180.75,173.55557250976562,474.9998779296875,424.4216003417969,106.40894317626953,179.24000549316406
2024-05-28,188.5319061279297,182.14999389648438,174.95399475097656,476.68841552734375,424.5794372558594,113.83676147460938,176.75
2024-05-29,188.82957458496094,182.02000427246094,174.45806884765625,471.165771484375,423.44476318359375,114.7602310180664,176.19000244140625
2024-05-30,189.82191467285156,179.32000732421875,170.6991729736328,463.9050598144531,409.1382141113281,110.43767547607422,178.7899932861328
2024-05-31,190.77455139160156,176.44000244140625,171.08596801757812,463.6864929199219,409.5920715332031,109.5711669921875,178.0800018310547
2024-06-03,192.5408935546875,178.33999633789062,171.75048828125,474.2747497558594,408.0035400390625,114.93512725830078,176.2899932861328
2024-06-04,192.85842895507812,179.33999633789062,172.36538696289062,473.778076171875,410.51953125,116.37133026123047,174.77000427246094
2024-06-05,194.3667449951172,181.27999877929688,173.9721221923828,491.72650146484375,418.3536376953125,122.37094116210938,175.0
2024-06-06,192.98741149902344,185.0,175.2812957763672,490.4352111816406,418.8567810058594,120.92975616455078,177.94000244140625
2024-06-07,195.3789520263672,184.3000030517578,173.0299072265625,489.64056396484375,418.19573974609375,120.81981658935547,177.47999572753906
2024-06-10,191.63784790039062,187.05999755859375,173.77462768554688,499.2157287597656,422.1620788574219,121.72130584716797,173.7899932861328
2024-06-11,205.5601806640625,187.22999572753906,175.37322998046875,504.05291748046875,426.9079284667969,120.85174560546875,170.66000366210938
2024-06-12,211.4347686767578,186.88999938964844,176.5349884033203,505.4136962890625,435.1761779785156,125.13965606689453,177.2899932861328
2024-06-13,212.59576416015625,183.8300018310547,173.92356872558594,500.7055969238281,435.689208984375,129.5475311279297,182.47000122070312
2024-06-14,210.85922241210938,183.66000366210938,175.54205322265625,501.26239013671875,436.666015625,131.8164520263672,178.00999450683594
2024-06-17,215.00714111328125,184.05999755859375,175.9888916015625,503.7181396484375,442.38861083984375,130.91688537597656,187.44000244140625
2024-06-18,212.6453857421875,182.80999755859375,173.85403442382812,496.61920166015625,440.3857421875,135.5146484375,184.86000061035156
2024-06-20,208.07077026367188,186.10000610351562,175.05551147460938,498.8164978027344,439.7543029785156,130.71697998046875,181.57000732421875
2024-06-21,205.89761352539062,189.0800018310547,178.3620147705078,491.936279296875,443.7798156738281,126.50900268554688,183.00999450683594
2024-06-24,206.5426025390625,185.57000732421875,177.9548797607422,496.0425720214844,441.697998046875,118.0530776977539,182.5800018310547
2024-06-25,207.46548461914062,186.33999633789062,182.73092651367188,507.6653747558594,444.9342346191406,126.02922821044922,187.35000610351562
2024-06-26,211.61337280273438,193.61000061035156,182.58201599121094,510.1708679199219,446.1280517578125,126.33909606933594,196.3699951171875
2024-06-27,212.45684814453125,197.85000610351562,184.10121154785156,516.5738525390625,446.80889892578125,123.93023681640625,197.4199981689453
2024-06-28,209.0035400390625,193.25,180.86419677734375,501.322021484375,440.9875793457031,123.48046875,197.8800048828125
2024-07-01,215.08653259277344,197.1999969482422,181.6982879638672,501.77935791015625,450.6371154785156,124.24010467529297,209.86000061035156
2024-07-02,218.57949829101562,200.0,183.9324188232422,506.57171630859375,453.15313720703125,122.61088562011719,231.25999450683594
2024-07-03,219.8496856689453,197.58999633789062,184.50831604003906,507.029052734375,454.6231994628906,128.21817016601562,246.38999938964844
2024-07-05,224.60289001464844,200.0,189.2545928955078,536.806884765625,461.3226623535156,125.76936340332031,251.52000427246094
2024-07-08,226.07156372070312,199.2899932861328,187.69564819335938,526.27783203125,460.0202331542969,128.13819885253906,252.94000244140625
2024-07-09,226.92495727539062,199.33999633789062,187.64599609375,526.9539184570312,453.40966796875,131.3166961669922,262.3299865722656
2024-07-10,231.1919403076172,199.7899932861328,189.83045959472656,531.616943359375,460.0301513671875,134.84500122070312,263.260009765625
2024-07-11,225.82347106933594,195.0500030517578,184.2600860595703,509.7533264160156,448.63421630859375,127.33861541748047,241.02999877929688
2024-07-12,228.77069091796875,194.49000549316406,183.7635955810547,496.0027770996094,447.4995422363281,129.17774963378906,248.22999572753906
2024-07-15,232.60105895996094,192.72000122070312,185.2133026123047,493.308349609375,447.9040832519531,128.3780975341797,252.63999938964844
2024-07-16,233.01783752441406,193.02000427246094,182.62171936035156,486.9750061035156,443.5233459472656,126.2990951538086,256.55999755859375
2024-07-17,227.12339782714844,187.92999267578125,179.74220275878906,459.3347473144531,437.60333251953125,117.9331283569336,248.5
2024-07-18,222.45950317382812,183.75,176.43569946289062,473.1151123046875,434.495361328125,121.03164672851562,249.22999572753906
2024-07-19,222.58847045898438,183.1300048828125,176.40589904785156,474.0496520996094,431.2788391113281,117.87317657470703,239.1999969482422
2024-07-22,222.24119567871094,182.5500030517578,180.38760375976562,484.59869384765625,437.0310974121094,123.48046875,251.50999450683594
2024-07-23,223.28314208984375,186.41000366210938,180.50674438476562,485.88128662109375,438.9156799316406,122.53092193603516,246.3800048828125
2024-07-24,216.86279296875,180.8300018310547,171.4114227294922,458.6188659667969,423.17840576171875,114.19493103027344,215.99000549316406
2024-07-25,215.82086181640625,179.85000610351562,166.0991668701172,450.8040466308594,412.8184509277344,112.22588348388672,220.25
2024-07-26,216.2872314453125,182.5,165.82115173339844,463.0234375,419.5968017578125,113.0055160522461,219.8000030517578
2024-07-29,216.56509399414062,183.1999969482422,168.33328247070312,463.0333251953125,421.03729248046875,111.53621673583984,232.10000610351562
2024-07-30,217.1207733154297,181.7100067138672,169.08792114257812,460.5278625488281,417.2781677246094,103.68000793457031,222.6199951171875
2024-07-31,220.37564086914062,186.97999572753906,170.32908630371094,472.1009216308594,412.76910400390625,116.96359252929688,232.07000732421875
2024-08-01,216.68417358398438,184.07000732421875,169.5546112060547,494.8792419433594,411.545654296875,109.1573715209961,216.86000061035156
2024-08-02,218.17263793945312,167.89999389648438,165.48358154296875,485.33447265625,403.0406494140625,107.2182846069336,207.6699981689453
2024-08-05,207.6639404296875,161.02000427246094,158.12586975097656,472.99578857421875,389.8786315917969,100.40159606933594,198.8800048828125
2024-08-06,205.6395721435547,161.92999267578125,157.17263793945312,491.250244140625,394.27911376953125,104.19976043701172,200.63999938964844
2024-08-07,208.209716796875,162.77000427246094,157.81805419921875,486.1099853515625,393.1148681640625,98.86233520507812,191.75999450683594
2024-08-08,211.67291259765625,165.8000030517578,160.88623046875,506.7008972167969,397.3180236816406,104.9194107055664,198.83999633789062
2024-08-09,214.58042907714844,166.94000244140625,162.5146484375,514.7942504882812,400.60357666015625,104.69952392578125,200.0
2024-08-12,216.11041259765625,166.8000030517578,161.14439392089844,512.984619140625,401.383056640625,108.96746826171875,197.49000549316406
2024-08-13,219.8259735107422,170.22999572753906,163.00120544433594,525.5022583007812,408.4870300292969,116.08403015136719,207.8300018310547
2024-08-14,220.2730712890625,170.10000610351562,159.23793029785156,523.7324829101562,411.2989807128906,118.02310180664062,201.3800048828125
2024-08-15,223.25344848632812,177.58999633789062,160.16139221191406,534.2417602539062,416.162109375,122.8008041381836,214.13999938964844
2024-08-16,224.5747833251953,177.05999755859375,161.80967712402344,524.3887329101562,413.6316833496094,124.51996612548828,216.1199951171875
2024-08-19,224.41583251953125,178.22000122070312,165.49346923828125,526.2380981445312,416.6563415527344,129.93734741210938,222.72000122070312
2024-08-20,225.03176879882812,178.8800048828125,165.9998779296875,523.7026977539062,419.8885498046875,127.18869018554688,221.10000610351562
2024-08-21,224.92250061035156,180.11000061035156,164.67926025390625,532.084228515625,419.2361145019531,128.4380645751953,223.27000427246094
2024-08-22,223.06471252441406,176.1300048828125,162.6437530517578,528.8726806640625,410.74542236328125,123.68036651611328,210.66000366210938
2024-08-23,225.35964965820312,177.0399932861328,164.45089721679688,524.96533203125,411.9711608886719,129.30764770507812,220.32000732421875
2024-08-26,225.6973876953125,175.5,164.98707580566406,518.1249389648438,408.70928955078125,126.3990478515625,213.2100067138672
2024-08-27,226.54183959960938,173.1199951171875,163.51751708984375,516.1163940429688,409.05523681640625,128.23817443847656,209.2100067138672
2024-08-28,225.01193237304688,170.8000030517578,161.700439453125,513.8098754882812,405.85272216796875,125.54946899414062,205.75
2024-08-29,228.29039001464844,172.1199951171875,160.6380157470703,515.2415161132812,408.3435974121094,117.5333251953125,206.27999877929688
2024-08-30,227.5055389404297,178.5,162.22671508789062,518.3137817382812,412.3171081542969,119.3124771118164,214.11000061035156
2024-09-03,221.31619262695312,176.25,156.2491912841797,508.81866455078125,404.70611572265625,107.94795227050781,210.60000610351562
2024-09-04,219.40872192382812,173.3300018310547,155.34564208984375,509.7930603027344,404.1723327636719,106.15880584716797,219.41000366210938
2024-09-05,220.92874145507812,177.88999938964844,156.1300506591797,513.8893432617188,403.668212890625,107.15833282470703,230.1699981689453
2024-09-06,219.37893676757812,171.38999938964844,149.85464477539062,497.3947448730469,397.0556335449219,102.78044891357422,210.72999572753906
2024-09-09,219.4683380126953,175.39999389648438,147.856201171875,501.8887939453125,401.0290832519531,106.41868591308594,216.27000427246094
2024-09-10,218.6735382080078,179.5500030517578,147.80648803710938,501.8887939453125,409.41107177734375,108.04788970947266,226.1699981689453
2024-09-11,221.2069091796875,184.52000427246094,150.2921142578125,508.88824462890625,418.14886474609375,116.85365295410156,228.1300048828125
2024-09-12,221.31619262695312,187.0,153.80186462402344,522.5791015625,422.0630798339844,119.0927734375,229.80999755859375
2024-09-13,221.04794311523438,186.49000549316406,156.55596923828125,521.6047973632812,425.6116027832031,119.05278778076172,230.2899932861328
2024-09-16,214.90829467773438,184.88999938964844,157.15252685546875,530.7207641601562,426.3529357910156,116.73370361328125,226.77999877929688
2024-09-17,215.37522888183594,186.8800048828125,158.40530395507812,533.7462158203125,430.1188659667969,115.54417419433594,227.8699951171875
2024-09-18,219.24978637695312,186.42999267578125,158.89247131347656,535.3684692382812,425.8289794921875,113.32505798339844,227.1999969482422
2024-09-19,227.3763885498047,189.8699951171875,161.20907592773438,556.4168701171875,433.617919921875,117.82328033447266,243.9199981689453
2024-09-20,226.71075439453125,191.60000610351562,162.65078735351562,558.6561279296875,430.23748779296875,115.95401763916016,238.25
2024-09-23,224.99205017089844,193.8800048828125,160.92076110839844,561.701416015625,428.4978332519531,116.21391296386719,250.0
2024-09-24,225.88616943359375,193.9600067138672,161.35821533203125,560.626708984375,424.2080078125,120.82209014892578,254.27000427246094
2024-09-25,224.8927001953125,192.52999877929688,160.5628204345703,565.5826416015625,427.1139831542969,123.46104431152344,257.0199890136719
2024-09-26,226.0352020263672,191.16000366210938,161.7957000732422,565.1150512695312,426.3232421875,123.9908218383789,254.22000122070312
2024-09-27,226.3034210205078,187.97000122070312,163.00869750976562,564.6372680664062,423.0712890625,121.35187530517578,260.4599914550781
2024-09-30,231.47946166992188,186.3300018310547,164.89779663085938,569.69287109375,425.3249206542969,121.3918685913086,261.6300048828125
2024-10-01,224.73374938964844,185.1300048828125,166.03123474121094,573.7034912109375,415.8260498046875,116.95361328125,258.0199890136719
2024-10-02,225.30003356933594,184.75999450683594,164.90774536132812,570.0610961914062,412.3072204589844,118.80288696289062,249.02000427246094
2024-10-03,224.197265625,181.9600067138672,164.90774536132812,579.9733276367188,411.7240295410156,122.80130767822266,240.66000366210938
2024-10-04,225.31988525390625,186.50999450683594,166.10084533691406,593.0801391601562,411.24957275390625,124.8704833984375,250.0800018310547
2024-10-07,220.2432403564453,180.8000030517578,162.04428100585938,581.9737548828125,404.80499267578125,127.66937255859375,240.8300018310547
2024-10-08,224.29661560058594,182.72000122070312,163.4362335205078,590.0447998046875,409.9151611328125,132.83731079101562,244.5
2024-10-09,228.04197692871094,185.1699981689453,160.93069458007812,587.6762084960938,412.63336181640625,132.597412109375,241.0500030517578
2024-10-10,227.54525756835938,186.64999389648438,161.14944458007812,581.0282592773438,411.0321350097656,134.75656127929688,238.77000427246094
2024-10-11,226.06500244140625,188.82000732421875,162.30279541015625,587.118896484375,411.5065612792969,134.74656677246094,217.8000030517578
2024-10-14,229.79054260253906,187.5399932861328,164.01290893554688,587.5865478515625,414.2939453125,138.01527404785156,219.16000366210938
2024-10-15,232.3238983154297,187.69000244140625,164.5100555419922,583.45654296875,413.8985595703125,131.54783630371094,219.57000732421875
2024-10-16,230.2673797607422,186.88999938964844,164.21177673339844,574.0220336914062,411.308837890625,135.66619873046875,221.3300018310547
2024-10-17,230.63497924804688,187.52999877929688,161.9945526123047,574.161376953125,411.90191650390625,136.87570190429688,220.88999938964844
2024-10-18,233.4663848876953,188.99000549316406,162.4817352294922,573.7034912109375,413.3252868652344,137.94529724121094,220.6999969482422
2024-10-21,234.93670654296875,189.07000732421875,163.12803649902344,572.3997802734375,413.9381408691406,143.6530303955078,218.85000610351562
2024-10-22,234.3207550048828,189.6999969482422,164.19186401367188,579.2169799804688,422.56719970703125,143.53309631347656,217.97000122070312
2024-10-23,229.25405883789062,184.7100067138672,161.84542846679688,560.9849243164062,419.6908264160156,139.50466918945312,213.64999389648438
2024-10-24,229.06529235839844,186.3800048828125,161.7857666015625,565.0552368164062,419.8193054199219,140.35433959960938,260.4800109863281
2024-10-25,229.8998260498047,187.8300018310547,164.3211212158203,570.4990234375,423.1997985839844,141.48388671875,269.19000244140625
2024-10-28,231.87680053710938,188.38999938964844,165.76280212402344,575.3853759765625,421.6578063964844,140.4643096923828,262.510009765625
2024-10-29,232.1450653076172,190.8300018310547,168.705810546875,590.4329833984375,426.9558410644531,141.19400024414062,259.5199890136719
2024-10-30,228.59837341308594,192.72999572753906,173.45834350585938,588.9599609375,427.5291748046875,139.28475952148438,257.54998779296875
2024-10-31,224.4357147216797,186.39999389648438,170.12757873535156,564.856201171875,401.65185546875,132.70738220214844,249.85000610351562
2024-11-01,221.4552764892578,197.92999267578125,170.30654907226562,564.4381713867188,405.6253662109375,135.34632873535156,248.97999572753906
2024-11-04,220.56114196777344,195.77999877929688,168.26832580566406,557.9893188476562,403.7374267578125,135.99607849121094,242.83999633789062
2024-11-05,221.9917449951172,199.5,168.76547241210938,569.6829833984375,406.7027282714844,139.8545379638672,251.44000244140625
2024-11-06,221.26651000976562,207.08999633789062,175.49658203125,569.3047485351562,415.3218994140625,145.5522918701172,288.5299987792969
2024-11-07,225.99545288085938,210.0500030517578,179.71226501464844,588.8604736328125,420.5112609863281,148.82098388671875,296.9100036621094
2024-11-08,225.7269287109375,208.17999267578125,177.32603454589844,586.5117797851562,417.6546936035156,147.5714569091797,321.2200012207031
2024-11-11,223.01173400878906,206.83999633789062,179.31455993652344,580.3713989257812,413.1770324707031,145.20240783691406,350.0
2024-11-12,223.01173400878906,208.91000366210938,180.57725524902344,582.0134887695312,418.1390075683594,148.23118591308594,328.489990234375
2024-11-13,223.89691162109375,214.10000610351562,177.8529815673828,577.2166137695312,420.2839050292969,146.21202087402344,330.239990234375
2024-11-14,226.98007202148438,211.47999572753906,174.5719451904297,574.3902587890625,421.9543762207031,146.7018280029297,311.17999267578125
2024-11-15,223.77757263183594,202.61000061035156,171.4996795654297,551.4210205078125,410.2018127441406,141.9237060546875,320.7200012207031
2024-11-18,226.7811737060547,201.6999969482422,174.29354858398438,551.7394409179688,410.9530944824219,140.0944366455078,338.739990234375
2024-11-19,227.0397491455078,204.61000061035156,177.0973358154297,558.3972778320312,412.9595947265625,146.95172119140625,346.0
2024-11-20,227.75584411621094,202.8800048828125,174.96963500976562,562.8060913085938,410.6861572265625,145.83216857910156,342.0299987792969
2024-11-21,227.2784423828125,198.3800048828125,166.66757202148438,560.3877563476562,408.9132995605469,146.6118621826172,339.6400146484375
2024-11-22,228.62110900878906,197.1199951171875,163.81405639648438,556.456787109375,413.00372314453125,141.89373779296875,352.55999755859375
2024-11-25,231.6048126220703,201.4499969482422,166.68743896484375,562.3980102539062,414.7765808105469,135.96607971191406,338.5899963378906
2024-11-26,233.7829132080078,207.86000061035156,168.14901733398438,570.7875366210938,423.8883972167969,136.86570739746094,338.2300109863281
2024-11-27,233.6536102294922,205.74000549316406,168.25839233398438,566.4685668945312,418.9363098144531,135.28634643554688,332.8900146484375
2024-11-29,236.0405731201172,207.88999938964844,167.97998046875,571.5638427734375,419.4018249511719,138.19520568847656,345.1600036621094
2024-12-02,238.28829956054688,210.7100067138672,170.5054168701172,589.9850463867188,426.8497619628906,138.57504272460938,357.0899963378906
2024-12-03,241.3316650390625,213.44000244140625,170.3562774658203,610.7052001953125,427.0676574707031,140.20440673828125,351.4200134277344
2024-12-04,241.68971252441406,218.16000366210938,173.36886596679688,610.8345336914062,433.22802734375,145.08245849609375,357.92999267578125
2024-12-05,241.7195587158203,220.5500030517578,171.6488037109375,606.0078125,438.3782043457031,145.0124969482422,369.489990234375
2024-12-06,241.52064514160156,227.02999877929688,173.70693969726562,620.776611328125,439.319091796875,142.3933563232422,389.2200012207031
2024-12-09,245.40939331054688,226.08999633789062,174.5629425048828,610.6256103515625,441.74566650390625,138.76454162597656,389.7900085449219
2024-12-10,246.42385864257812,225.0399932861328,184.31787109375,616.347900390625,439.0813903808594,135.0257568359375,400.989990234375
2024-12-11,245.1508026123047,230.25999450683594,194.5008087158203,629.6437377929688,444.6871643066406,139.26437377929688,424.7699890136719
2024-12-12,246.61282348632812,228.97000122070312,191.07664489746094,627.762939453125,445.2516784667969,137.29501342773438,418.1000061035156
2024-12-13,246.7819061279297,227.4600067138672,188.94647216796875,617.3729248046875,442.983642578125,134.20602416992188,436.2300109863281
2024-12-16,249.67608642578125,232.92999267578125,195.7550048828125,621.7454833984375,447.26226806640625,131.95675659179688,463.0199890136719
2024-12-17,252.1028289794922,231.14999389648438,194.5207061767578,616.9646606445312,450.104736328125,130.3472900390625,479.8599853515625
2024-12-18,246.7023468017578,220.52000427246094,187.53298950195312,594.8035278320312,433.1983337402344,128.86778259277344,440.1300048828125
2024-12-19,248.43287658691406,223.2899932861328,187.64248657226562,593.1900634765625,432.8417663574219,130.63719177246094,436.1700134277344
2024-12-20,253.1073455810547,224.9199981689453,190.52914428710938,582.9112548828125,432.4158935546875,134.65586853027344,421.05999755859375
2024-12-23,253.88311767578125,225.05999755859375,193.73434448242188,597.452880859375,431.078857421875,139.62423706054688,430.6000061035156
2024-12-24,256.79718017578125,229.0500030517578,195.20751953125,605.3212280273438,435.1197509765625,140.174072265625,462.2799987792969
2024-12-26,257.61273193359375,227.0500030517578,194.6998748779297,600.9389038085938,433.9114074707031,139.88417053222656,454.1300048828125
2024-12-27,254.2013702392578,223.75,191.87294006347656,597.4130249023438,426.404052734375,136.96510314941406,431.6600036621094
2024-12-30,250.82977294921875,221.3000030517578,190.35995483398438,588.877197265625,420.7586975097656,137.4449462890625,417.4100036621094
2024-12-31,249.05946350097656,219.38999938964844,188.42886352539062,583.1702880859375,417.4606018066406,134.2460174560547,403.8399963378906
2025-01-02,242.52516174316406,220.22000122070312,188.55825805664062,596.8453369140625,414.5685729980469,138.2646942138672,379.2799987792969
2025-01-03,242.03782653808594,224.19000244140625,190.90740966796875,602.2138671875,419.2928771972656,144.4226837158203,410.44000244140625
2025-01-06,243.6688995361328,227.61000061035156,195.9640350341797,627.681640625,423.7497863769531,149.3810577392578,411.04998779296875
2025-01-07,240.89407348632812,222.11000061035156,194.5903778076172,615.4207763671875,418.322265625,140.09410095214844,394.3599853515625
2025-01-08,241.38140869140625,222.1300048828125,193.05747985839844,608.2794189453125,420.49127197265625,140.06410217285156,394.94000244140625
2025-01-10,235.5631866455078,218.94000244140625,191.15623474121094,613.3988647460938,414.9350280761719,135.86549377441406,394.739990234375
2025-01-13,233.1265106201172,218.4600067138672,190.1309814453125,605.8990478515625,413.1919250488281,133.18637084960938,403.30999755859375
2025-01-14,232.01258850097656,217.75999450683594,188.78720092773438,591.875244140625,411.6864929199219,131.71682739257812,396.3599853515625
2025-01-15,236.57763671875,223.35000610351562,194.6501007080078,614.6538696289062,422.2245178222656,136.1953887939453,428.2200012207031
2025-01-16,227.0198516845703,220.66000366210938,192.02224731445312,608.857177734375,420.5110778808594,133.52626037597656,413.82000732421875
2025-01-17,228.7305145263672,225.94000244140625,195.09803771972656,610.3212890625,424.91845703125,137.66490173339844,426.5
2025-01-21,221.4303741455078,230.7100067138672,197.1385955810547,613.99658203125,424.3935546875,140.78387451171875,424.07000732421875
2025-01-22,222.61392211914062,235.00999450683594,197.45712280273438,621.0084228515625,441.9239196777344,147.02183532714844,415.1099853515625
2025-01-23,222.4448699951172,235.4199981689453,197.0689239501953,633.9066162109375,442.42901611328125,147.17178344726562,412.3800048828125
2025-01-24,221.5696258544922,234.85000610351562,199.2886505126953,644.9025268554688,439.8044128417969,142.5732879638672,406.5799865722656
2025-01-27,228.6111602783203,235.4199981689453,190.9273223876953,657.2430419921875,430.39544677734375,118.38121032714844,397.1499938964844
2025-01-28,236.9655303955078,238.14999389648438,194.40126037597656,671.63525390625,442.9143371582031,128.94775390625,398.0899963378906
2025-01-29,238.05953979492188,237.07000732421875,194.5107421875,673.78662109375,438.0909729003906,123.65947723388672,389.1000061035156
2025-01-30,236.2991485595703,234.63999938964844,199.9456329345703,684.254638671875,411.01300048828125,124.60917663574219,400.2799987792969
2025-01-31,234.71780395507812,237.67999267578125,203.0811309814453,686.4259643554688,411.08233642578125,120.03067016601562,404.6000061035156
2025-02-03,226.77120971679688,237.4199981689453,200.30397033691406,694.6727905273438,406.9820251464844,116.62179565429688,383.67999267578125
2025-02-04,231.53518676757812,242.05999755859375,205.43026733398438,701.3759765625,408.4180908203125,118.61112976074219,392.2099914550781
2025-02-05,231.2069854736328,236.1699981689453,190.4495391845703,702.05322265625,409.3293151855469,124.78912353515625,378.1700134277344
2025-02-06,231.95291137695312,238.8300018310547,190.71827697753906,709.1447143554688,411.8350524902344,128.6378631591797,374.32000732421875
2025-02-07,226.39328002929688,229.14999389648438,184.48707580566406,711.6646118164062,405.8232116699219,129.79747009277344,361.6199951171875
2025-02-10,226.662109375,233.13999938964844,185.61187744140625,714.5331420898438,408.2695617675781,133.52626037597656,350.7300109863281
2025-02-11,231.61053466796875,232.75999450683594,184.46719360351562,716.9235229492188,407.49700927734375,132.7565155029297,328.5
2025-02-12,235.84210205078125,228.92999267578125,182.76504516601562,722.4812622070312,405.1200256347656,131.0970458984375,336.510009765625
2025-02-13,240.48187255859375,230.3699951171875,185.2834014892578,725.6486206054688,406.60565185546875,135.24566650390625,355.94000244140625
2025-02-14,243.53857421875,228.67999267578125,184.37759399414062,733.72607421875,404.5158996582031,138.8045196533203,355.8399963378906
2025-02-18,243.40911865234375,226.64999389648438,182.92431640625,713.5072631835938,405.71429443359375,139.35433959960938,354.1099853515625
2025-02-19,243.80735778808594,226.6300048828125,184.41741943359375,700.9575805664062,410.79510498046875,139.18438720703125,360.55999755859375
2025-02-20,244.76321411132812,222.8800048828125,183.71067810058594,692.063232421875,412.968505859375,140.06410217285156,354.3999938964844
2025-02-21,244.48443603515625,216.5800018310547,178.83322143554688,680.8184204101562,405.108642578125,134.38595581054688,337.79998779296875
2025-02-24,246.0277099609375,212.7100067138672,178.42510986328125,665.4600219726562,400.9306335449219,130.23733520507812,330.5299987792969
2025-02-25,245.96795654296875,212.8000030517578,174.61273193359375,654.87255859375,394.876953125,126.58851623535156,302.79998779296875
2025-02-26,239.31695556640625,214.35000610351562,171.93511962890625,671.0078125,396.6930847167969,131.23699951171875,290.79998779296875
2025-02-27,236.27023315429688,208.74000549316406,167.72459411621094,655.6095581054688,389.5477600097656,120.11064147949219,281.95001220703125
2025-02-28,240.79052734375,212.27999877929688,169.49639892578125,665.52978515625,393.973876953125,124.87908172607422,292.9800109863281
2025-03-03,236.9970703125,205.02000427246094,166.24143981933594,652.4323120117188,385.5384521484375,114.02263641357422,284.6499938964844
2025-03-04,234.9061737060547,203.8000030517578,170.13345336914062,637.4424438476562,385.65753173828125,115.9520034790039,272.0400085449219
2025-03-05,234.71701049804688,208.36000061035156,172.22378540039062,653.8465576171875,397.9732666015625,117.2615737915039,279.1000061035156
2025-03-06,234.3087921142578,200.6999969482422,171.55686950683594,625.420654296875,393.8746643066406,110.53378295898438,263.45001220703125
2025-03-07,238.03256225585938,199.25,173.0599365234375,623.1597290039062,390.32183837890625,112.65309143066406,262.6700134277344
2025-03-10,226.4928436279297,194.5399932861328,165.2968292236328,595.6002807617188,377.2717590332031,106.94495391845703,222.14999389648438
2025-03-11,219.8816680908203,196.58999633789062,163.47314453125,603.28955078125,377.5595397949219,108.72437286376953,230.5800018310547
2025-03-12,216.03843688964844,198.88999938964844,166.5325469970703,617.0841674804688,380.3581237792969,115.71273803710938,248.08999633789062
2025-03-13,208.77008056640625,193.88999938964844,162.1975860595703,588.2797241210938,375.8923034667969,115.55277252197266,240.67999267578125
2025-03-14,212.56356811523438,197.9499969482422,164.91815185546875,605.7102661132812,385.6079406738281,121.6413345336914,249.97999572753906
2025-03-17,213.0713653564453,195.74000549316406,163.7222900390625,603.0187377929688,385.74688720703125,119.50183868408203,238.00999450683594
2025-03-18,211.7670440673828,192.82000732421875,160.1147918701172,580.5487670898438,380.6062316894531,115.40280151367188,225.30999755859375
2025-03-19,214.30596923828125,195.5399932861328,163.3236846923828,582.2435913085938,384.8735656738281,117.4923095703125,235.86000061035156
2025-03-20,213.17091369628906,194.9499969482422,162.23744201660156,584.177490234375,383.9010009765625,118.50206756591797,236.25999450683594
2025-03-21,217.3228302001953,196.2100067138672,163.42333984375,594.3955688476562,388.2874450683594,117.6722640991211,248.7100067138672
2025-03-24,219.7721405029297,203.25999450683594,167.1005859375,616.92529296875,390.0935974121094,121.38140106201172,278.3900146484375
2025-03-25,222.77903747558594,205.7100067138672,169.97064208984375,624.3621826171875,392.1578063964844,120.66156768798828,288.1400146484375
2025-03-26,220.56866455078125,201.1300048828125,164.4896240234375,609.0797729492188,387.0072021484375,113.73320007324219,272.05999755859375
2025-03-27,222.87863159179688,201.36000061035156,161.67938232421875,600.7059326171875,387.6125793457031,111.40375518798828,273.1300048828125
2025-03-28,216.95440673828125,192.72000122070312,153.79672241210938,574.9462280273438,375.9220886230469,109.6441650390625,263.54998779296875
2025-03-31,221.16607666015625,190.25999450683594,154.1056365966797,574.5675048828125,372.5379943847656,108.35446166992188,259.1600036621094
2025-04-01,222.22146606445312,192.1699981689453,156.52725219726562,584.177490234375,379.286376953125,110.1240463256836,268.4599914550781
2025-04-02,222.91842651367188,196.00999450683594,156.49734497070312,582.1139526367188,379.23675537109375,110.39398193359375,282.760009765625
2025-04-03,202.30825805664062,178.41000366210938,150.19920349121094,529.9666137695312,370.2752990722656,101.77601623535156,267.2799987792969
2025-04-04,187.56253051757812,171.0,145.09689331054688,503.1602478027344,357.1061096191406,94.28778076171875,239.42999267578125
2025-04-07,180.6725616455078,175.25999450683594,146.24288940429688,514.6444091796875,355.1411437988281,97.61699676513672,233.2899932861328
2025-04-08,171.67178344726562,170.66000366210938,144.19998168945312,508.86248779296875,351.8662109375,96.27731323242188,221.86000061035156
2025-04-09,197.98709106445312,191.10000610351562,158.1615753173828,583.9482421875,387.52325439453125,114.30306243896484,272.20001220703125
2025-04-10,189.59365844726562,181.22000122070312,152.29193115234375,544.5910034179688,378.4527282714844,107.5446548461914,252.39999389648438
2025-04-11,197.29013061523438,184.8699951171875,156.59701538085938,541.8795166015625,385.498779296875,110.90386199951172,252.30999755859375
2025-04-14,201.64117431640625,182.1199951171875,158.52035522460938,529.8270263671875,384.8636169433594,110.68391418457031,252.35000610351562
2025-04-15,201.26280212402344,179.58999633789062,155.76988220214844,519.8980712890625,382.7994384765625,112.1735610961914,254.11000061035156
2025-04-16,193.42697143554688,174.3300018310547,152.8001708984375,500.747802734375,368.7867126464844,104.46538543701172,241.5500030517578
2025-04-17,196.1251983642578,172.61000061035156,150.63766479492188,499.9203796386719,364.9858093261719,101.46607971191406,241.3699951171875
2025-04-21,192.32177734375,167.32000732421875,147.15972900390625,483.1526794433594,356.3916015625,96.88717651367188,227.5
2025-04-22,198.8732452392578,173.17999267578125,150.94659423828125,498.72412109375,364.0331115722656,98.86669921875,237.97000122070312
2025-04-23,203.71212768554688,180.60000610351562,154.81320190429688,518.6519775390625,371.54559326171875,102.68579864501953,250.74000549316406
2025-04-24,207.4657745361328,186.5399932861328,158.72959899902344,531.4918823242188,384.3575134277344,106.40492248535156,259.510009765625
2025-04-25,208.37181091308594,188.99000549316406,161.40036010742188,545.5679931640625,388.87298583984375,110.98385620117188,284.95001220703125
2025-04-28,209.2281036376953,187.6999969482422,160.05502319335938,548.0302734375,388.1882019042969,108.70439147949219,285.8800048828125
2025-04-29,210.29345703125,187.38999938964844,159.60658264160156,552.7156372070312,391.0462951660156,108.99431610107422,292.0299987792969
2025-04-30,211.57785034179688,184.4199981689453,158.2512664794922,547.2926025390625,392.2570495605469,108.89433288574219,282.1600036621094
2025-05-01,212.39430236816406,190.1999969482422,160.74261474609375,570.430419921875,422.16802978515625,111.58370208740234,280.5199890136719
2025-05-02,204.4589080810547,189.97999572753906,163.4632110595703,595.1632690429688,431.97296142578125,114.47303009033203,287.2099914550781
2025-05-05,198.0269012451172,186.35000610351562,163.64259338378906,597.40625,432.8562316894531,113.7931900024414,280.260009765625
2025-05-06,197.6485595703125,185.00999450683594,162.66595458984375,585.4834594726562,430.0179443359375,113.51325988769531,275.3500061035156
2025-05-07,195.3983612060547,188.7100067138672,150.85691833496094,594.953857421875,430.05767822265625,117.03242492675781,276.2200012207031
2025-05-08,196.63299560546875,192.0800018310547,153.7469024658203,596.1502075195312,434.84100341796875,117.34236145019531,284.82000732421875
2025-05-09,197.66847229003906,193.05999755859375,152.22216796875,590.6473999023438,435.3967590332031,116.62252044677734,298.260009765625
2025-05-12,210.15048217773438,208.63999938964844,157.91244506835938,637.4412841796875,445.8467712402344,122.97103118896484,318.3800048828125
2025-05-13,212.28399658203125,211.3699951171875,158.97874450683594,653.98974609375,445.72772216796875,129.89938354492188,334.07000732421875
2025-05-14,211.6858367919922,210.25,164.79855346679688,657.309326171875,449.49884033203125,135.30810546875,347.67999267578125
2025-05-15,210.80850219726562,205.1699981689453,163.39344787597656,641.8775024414062,450.5129089355469,134.79823303222656,342.82000732421875
2025-05-16,210.6190643310547,205.58999633789062,165.61572265625,638.3485107421875,451.6463317871094,135.36810302734375,349.9800109863281
2025-05-19,208.14659118652344,206.16000366210938,165.96450805664062,638.438232421875,456.2197570800781,135.53805541992188,342.0899963378906
2025-05-20,206.232421875,204.07000732421875,163.4133758544922,635.1185913085938,455.5238342285156,134.3483428955078,343.82000732421875
2025-05-21,201.47689819335938,201.1199951171875,167.97755432128906,633.5236206054688,449.9561767578125,131.76895141601562,334.6199951171875
2025-05-22,200.7490997314453,203.10000610351562,170.27955627441406,634.5902099609375,452.2329406738281,132.7987060546875,341.0400085449219
2025-05-23,194.67758178710938,200.99000549316406,167.8878631591797,625.1098022460938,447.5799560546875,131.25906372070312,339.3399963378906
2025-05-27,199.60260009765625,206.02000427246094,172.30255126953125,640.3223266601562,458.0292663574219,135.4680633544922,362.8900146484375
2025-05-28,199.8119659423828,204.72000122070312,171.76441955566406,641.5784301757812,454.7184753417969,134.7782440185547,356.8999938964844
2025-05-29,199.3433837890625,205.6999969482422,171.26614379882812,643.0438232421875,456.0308837890625,139.15721130371094,358.42999267578125
2025-05-30,200.24066162109375,205.00999450683594,171.1465606689453,645.4762573242188,457.7011413574219,135.09817504882812,346.4599914550781
2025-06-02,201.08807373046875,206.64999389648438,168.4459228515625,668.8134765625,459.3018493652344,137.34764099121094,342.69000244140625
2025-06-03,202.6533203125,205.7100067138672,165.60577392578125,664.7760009765625,460.29608154296875,141.1867218017578,344.2699890136719
2025-06-04,202.2046661376953,207.22999572753906,167.46929931640625,685.8104248046875,461.1908874511719,141.88656616210938,332.04998779296875
2025-06-05,200.0213165283203,207.91000366210938,167.62876892089844,682.49072265625,464.9788818359375,139.95703125,284.70001220703125
2025-06-06,203.30133056640625,213.57000732421875,173.079833984375,695.5401000976562,467.6632995605469,141.6865997314453,295.1400146484375
2025-06-09,200.8388214111328,216.97999572753906,175.6939697265625,691.9014282226562,470.0196228027344,142.59640502929688,308.5799865722656
2025-06-10,202.0551300048828,217.61000061035156,178.19833374023438,700.2155151367188,468.2001953125,143.92608642578125,326.0899963378906
2025-06-11,198.1769256591797,213.1999969482422,176.95114135742188,691.9811401367188,469.890380859375,142.80625915527344,326.42999267578125
2025-06-12,198.5956573486328,213.24000549316406,175.30484008789062,691.20361328125,476.104248046875,144.9759063720703,319.1099853515625
2025-06-13,195.85400390625,212.10000610351562,174.27716064453125,680.7462768554688,472.2168273925781,141.94639587402344,325.30999755859375
2025-06-16,197.81802368164062,216.10000610351562,176.3724365234375,700.4749145507812,476.3727111816406,144.66595458984375,329.1300048828125
2025-06-17,195.04644775390625,214.82000732421875,175.5542755126953,695.5963134765625,475.279052734375,144.09603881835938,316.3500061035156
2025-06-18,195.98361206054688,212.52000427246094,172.93020629882812,694.1398315429688,477.4663391113281,145.455810546875,322.04998779296875
2025-06-20,200.39019775390625,209.69000244140625,166.26522827148438,680.7511596679688,474.6427307128906,143.8260955810547,322.1600036621094
2025-06-23,200.888671875,208.47000122070312,164.8184814453125,696.8933715820312,483.1930847167969,144.1460418701172,348.67999267578125
2025-06-24,199.69232177734375,212.77000427246094,166.3949432373047,710.5313720703125,487.279296875,147.8754119873047,340.4700012207031
2025-06-25,200.948486328125,211.99000549316406,170.296142578125,707.01953125,489.4268493652344,154.28436279296875,327.54998779296875
2025-06-26,200.39019775390625,217.1199951171875,173.14968872070312,724.3887329101562,494.57696533203125,154.99423217773438,325.7799987792969
2025-06-27,200.469970703125,223.3000030517578,178.12847900390625,731.9111328125,493.0756530761719,157.72378540039062,323.6300048828125
2025-06-30,204.54754638671875,219.38999938964844,175.83364868164062,736.3606567382812,494.5372009277344,157.96376037597656,317.6600036621094
2025-07-01,207.18951416015625,220.4600067138672,175.44451904296875,717.5347900390625,489.2081298828125,153.2745361328125,300.7099914550781
2025-07-02,211.7954864501953,219.9199981689453,178.23822021484375,711.8980712890625,488.2536926269531,157.22386169433594,315.6499938964844
2025-07-03,212.90211486816406,223.41000366210938,179.126220703125,717.3253173828125,495.95892333984375,159.3135223388672,315.3500061035156
2025-07-07,209.3130340576172,223.47000122070312,176.3923797607422,716.6669311523438,494.84539794921875,158.21371459960938,293.94000244140625
2025-07-08,209.37286376953125,219.36000061035156,173.9678497314453,718.9814453125,493.7517395019531,159.97341918945312,297.80999755859375
2025-07-09,210.4994354248047,222.5399932861328,176.22276306152344,731.0631103515625,500.6019592285156,162.85293579101562,295.8800048828125
2025-07-10,211.76559448242188,222.25999450683594,177.22052001953125,725.5360107421875,498.58367919921875,164.07273864746094,309.8699951171875
2025-07-11,210.5193634033203,225.02000427246094,179.78475952148438,715.828857421875,500.4130554199219,164.89259338378906,313.510009765625
2025-07-14,207.98707580566406,225.69000244140625,181.1516571044922,719.2308349609375,500.1147766113281,164.04273986816406,316.8999938964844
2025-07-15,208.47560119628906,226.35000610351562,181.59066772460938,708.7255859375,502.89862060546875,170.671630859375,310.7799987792969
2025-07-16,209.52239990234375,223.19000244140625,182.55850219726562,701.2630004882812,502.69976806640625,171.34152221679688,321.6700134277344
2025-07-17,209.38282775878906,223.8800048828125,183.1671142578125,699.7665405273438,508.7446594238281,172.97125244140625,319.4100036621094
2025-07-18,210.539306640625,226.1300048828125,184.64378356933594,702.6298828125,507.10418701171875,172.38136291503906,329.6499938964844
2025-07-21,211.8353729248047,229.3000030517578,189.67245483398438,711.2994384765625,507.1141357421875,171.35153198242188,328.489990234375
2025-07-22,213.74952697753906,227.47000122070312,190.90966796875,703.1585693359375,502.3517761230469,167.00225830078125,332.1099853515625
2025-07-23,213.50030517578125,228.2899932861328,189.8021697998047,711.9080200195312,502.94830322265625,170.75161743164062,332.55999755859375
2025-07-24,213.11148071289062,232.22999572753906,191.73779296875,713.1251831054688,507.9294128417969,173.7111358642578,305.29998779296875
2025-07-25,213.2311248779297,231.44000244140625,192.7455291748047,711.0101318359375,510.7430419921875,173.47117614746094,316.05999755859375
2025-07-28,213.40061950683594,232.7899932861328,192.14686584472656,715.9486083984375,509.5400390625,176.7206268310547,325.5899963378906
2025-07-29,210.62904357910156,231.00999450683594,195.30975341796875,698.35986328125,509.609619140625,175.48085021972656,321.20001220703125
2025-07-30,208.415771484375,230.19000244140625,196.08799743652344,693.5811157226562,510.2757568359375,179.24021911621094,319.0400085449219
2025-07-31,206.94027709960938,234.11000061035156,191.46839904785156,771.6278076171875,530.4187622070312,177.84043884277344,308.2699890136719
2025-08-01,201.76600646972656,214.75,188.7046356201172,748.2527465820312,521.0829467773438,173.69113159179688,302.6300048828125
2025-08-04,202.7330780029297,211.64999389648438,194.60133361816406,774.5509643554688,532.5464477539062,179.9700927734375,309.260009765625
2025-08-05,202.3043670654297,213.75,194.232177734375,761.6712036132812,524.701904296875,178.23037719726562,308.7200012207031
2025-08-06,212.60302734375,222.30999755859375,195.6489715576172,770.18115234375,521.908203125,179.3901824951172,319.9100036621094
2025-08-07,219.36245727539062,223.1300048828125,196.07801818847656,760.0450439453125,517.8319091796875,180.73995971679688,322.2699890136719
2025-08-08,228.6541748046875,222.69000244140625,200.9669952392578,767.4974975585938,519.0248413085938,182.6696319580078,329.6499938964844
2025-08-11,226.747802734375,221.3000030517578,200.54794311523438,764.0755615234375,518.7564697265625,182.0297393798828,339.0299987792969
2025-08-12,229.21310424804688,221.47000122070312,202.88267517089844,788.1489868164062,526.183349609375,183.1295623779297,340.8399963378906
2025-08-13,232.88612365722656,224.55999755859375,201.50579833984375,778.2523193359375,517.5734252929688,181.559814453125,339.3800048828125
2025-08-14,232.337158203125,230.97999572753906,202.48358154296875,780.2974243164062,519.46240234375,181.98974609375,335.5799865722656
2025-08-15,231.1494140625,231.02999877929688,203.44140625,783.3901977539062,517.1657104492188,180.42001342773438,330.55999755859375
2025-08-18,230.4507598876953,231.49000549316406,203.04232788085938,765.572021484375,514.1134643554688,181.979736328125,335.1600036621094
2025-08-19,230.1213836669922,228.00999450683594,201.11666870117188,749.7192993164062,506.8257751464844,175.61080932617188,329.30999755859375
2025-08-20,225.5800323486328,223.80999755859375,198.87171936035156,745.968017578125,502.7992248535156,175.370849609375,323.8999938964844
2025-08-21,224.47215270996094,221.9499969482422,199.3007354736328,737.3682250976562,502.15185546875,174.95091247558594,320.1099853515625
2025-08-22,227.3267059326172,228.83999633789062,205.62649536132812,753.021484375,505.1295166015625,177.96043395996094,340.010009765625
2025-08-25,226.72784423828125,227.94000244140625,208.02108764648438,751.5349731445312,502.17181396484375,179.78012084960938,346.6000061035156
2025-08-26,228.87376403808594,228.7100067138672,206.6741180419922,752.3331298828125,499.96099853515625,181.7397918701172,351.6700134277344
2025-08-27,230.05152893066406,229.1199951171875,207.01336669921875,745.62890625,504.64154052734375,181.56982421875,349.6000061035156
2025-08-28,232.11758422851562,231.60000610351562,211.16400146484375,749.3501586914062,507.529541015625,180.1400604248047,345.9800109863281
2025-08-29,231.69837951660156,229.0,212.43115234375,736.96923828125,504.59173583984375,174.1510467529297,333.8699951171875
2025-09-02,229.28298950195312,225.33999633789062,210.8746795654297,733.3875732421875,503.0282287597656,170.75161743164062,329.3599853515625
2025-09-03,238.01634216308594,225.99000549316406,230.1412353515625,735.3230590820312,503.2572937011719,170.59165954589844,334.0899963378906
2025-09-04,239.32383728027344,235.67999267578125,231.7775421142578,746.8959350585938,505.866455078125,171.63148498535156,338.5299987792969
2025-09-05,239.2340087890625,232.3300018310547,234.4714813232422,750.68701171875,492.9501647949219,166.9922637939453,350.8399963378906
2025-09-08,237.42745971679688,235.83999633789062,233.72247314453125,750.5372924804688,496.13690185546875,168.2820281982422,346.3999938964844
2025-09-09,233.9041748046875,238.24000549316406,239.30490112304688,763.9058837890625,496.34600830078125,170.7316131591797,346.9700012207031
2025-09-10,226.35855102539062,230.3300018310547,238.84552001953125,750.2180786132812,498.29791259765625,177.300537109375,347.7900085449219
2025-09-11,229.59239196777344,229.9499969482422,240.0438995361328,749.1406860351562,498.9352722167969,177.1505584716797,368.80999755859375
2025-09-12,233.6247100830078,228.14999389648438,240.4733123779297,753.8196411132812,507.7884521484375,177.80047607421875,395.94000244140625
2025-09-15,236.24969482421875,231.42999267578125,251.26864624023438,762.9082641601562,513.225830078125,177.73048400878906,410.0400085449219
2025-09-16,237.6969451904297,234.0500030517578,250.8192596435547,777.1747436523438,506.9320068359375,174.86080932617188,421.6199951171875
2025-09-17,238.5353546142578,231.6199951171875,249.19146728515625,773.9024658203125,507.9079284667969,170.27130126953125,425.8599853515625
2025-09-18,237.42745971679688,231.22999572753906,251.68807983398438,778.421875,506.3444519042969,176.2206573486328,416.8500061035156
2025-09-19,245.032958984375,231.47999572753906,254.3744354248047,776.5562133789062,515.7852172851562,176.6505889892578,426.07000732421875
2025-09-22,255.5928192138672,227.6300048828125,252.18740844726562,763.8824462890625,512.3196411132812,183.58984375,434.2099914550781
2025-09-23,253.9459686279297,220.7100067138672,251.31858825683594,754.1387939453125,507.1212463378906,178.410400390625,425.8500061035156
2025-09-24,251.8300018310547,220.2100067138672,246.80471801757812,759.3899536132812,508.0373840332031,176.9505615234375,442.7900085449219
2025-09-25,256.3813171386719,218.14999389648438,245.45652770996094,747.6595458984375,504.9303283691406,177.67050170898438,423.3900146484375
2025-09-26,254.97401428222656,219.77999877929688,246.2055206298828,742.5081787109375,509.3419494628906,178.17044067382812,440.3999938964844
2025-09-29,253.9459686279297,222.1699981689453,243.71890258789062,742.1588134765625,512.4689331054688,181.83004760742188,443.2099914550781
2025-09-30,254.14559936523438,219.57000732421875,242.77020263671875,733.15380859375,515.8051147460938,186.55950927734375,444.7200012207031
2025-10-01,254.9640350341797,220.6300048828125,244.5677490234375,716.142333984375,517.5578002929688,187.21945190429688,459.4599914550781
2025-10-02,256.6408386230469,222.41000366210938,245.356689453125,725.8360595703125,513.6041870117188,188.8692626953125,436.0
2025-10-03,257.5291442871094,219.50999450683594,245.0171356201172,709.3735961914062,515.20751953125,187.59939575195312,429.8299865722656
2025-10-06,256.20166015625,220.89999389648438,250.09024047851562,714.465087890625,526.3811645507812,185.51962280273438,453.25
2025-10-07,255.99209594726562,221.77999877929688,245.42657470703125,711.889404296875,521.8101196289062,185.01968383789062,433.0899963378906
2025-10-08,257.569091796875,225.22000122070312,244.2881317138672,716.6414794921875,522.676513671875,189.0892333984375,438.69000244140625
2025-10-09,253.55670166015625,227.74000549316406,241.2023162841797,732.2852783203125,520.2366943359375,192.54885864257812,435.5400085449219
2025-10-10,244.80340576171875,216.3699951171875,236.24905395507812,704.1223754882812,508.84405517578125,183.139892578125,413.489990234375
2025-10-13,247.18885803222656,220.07000732421875,243.8187713623047,714.5050048828125,511.9212646484375,188.29933166503906,435.8999938964844
2025-10-14,247.29864501953125,216.38999938964844,245.11700439453125,707.4668579101562,511.4432067871094,180.01022338867188,429.239990234375
2025-10-15,248.86566162109375,215.57000732421875,250.68943786621094,716.3519287109375,511.3038330078125,179.8102569580078,435.1499938964844
2025-10-16,246.97926330566406,214.47000122070312,251.1188507080078,710.881103515625,509.4913330078125,181.7900390625,428.75
2025-10-17,251.81002807617188,213.0399932861328,252.95635986328125,715.7229614257812,511.4532165527344,183.19989013671875,439.30999755859375
2025-10-20,261.7411193847656,216.47999572753906,256.2019348144531,730.947509765625,514.6498413085938,182.6199493408203,447.42999267578125
2025-10-21,262.27008056640625,222.02999877929688,250.12020874023438,732.0457153320312,515.5162963867188,181.14010620117188,442.6000061035156
2025-10-22,257.9583435058594,217.9499969482422,251.34854125976562,732.1854248046875,518.3843383789062,180.2602081298828,438.9700012207031
2025-10-23,259.0861511230469,221.08999633789062,252.7366485595703,732.7744750976562,518.404296875,182.13999938964844,448.9800109863281
2025-10-24,262.3200378417969,224.2100067138672,259.5674133300781,737.1271362304688,521.441650390625,186.23953247070312,433.7200012207031
2025-10-27,268.2986145019531,226.97000122070312,268.9046630859375,749.56640625,529.3189697265625,191.46897888183594,452.4200134277344
2025-10-28,268.4882507324219,229.25,267.1071472167969,750.1853637695312,539.8251953125,201.0079345703125,460.54998779296875
2025-10-29,269.1869201660156,230.3000030517578,274.197509765625,750.4149780273438,539.3073120117188,207.01727294921875,461.510009765625
2025-10-30,270.8836669921875,222.86000061035156,281.09814453125,665.357177734375,523.582763671875,202.8677215576172,440.1000061035156
2025-10-31,269.85565185546875,244.22000122070312,280.80853271484375,647.2674560546875,515.6656494140625,202.4677734375,456.55999755859375
2025-11-03,268.53814697265625,254.0,283.3350830078125,636.645263671875,514.888916015625,206.85728454589844,468.3699951171875
2025-11-04,269.5262756347656,249.32000732421875,277.1634826660156,626.2725830078125,512.2001342773438,198.66818237304688,444.260009765625
2025-11-05,269.6260986328125,250.1999969482422,283.9242858886719,634.88818359375,505.0597839355469,195.18858337402344,462.07000732421875
2025-11-06,269.25677490234375,243.0399932861328,284.36370849609375,617.9065551757812,495.04144287109375,188.05935668945312,445.9100036621094
2025-11-07,267.9592590332031,244.41000366210938,278.4516906738281,620.6719360351562,494.7626037597656,188.1293487548828,429.5199890136719
2025-11-10,269.1781311035156,248.39999389648438,289.7064208984375,630.7051391601562,503.90460205078125,199.0281524658203,445.2300109863281
2025-11-11,274.99267578125,249.10000610351562,290.9147644042969,626.0330200195312,506.573486328125,193.1387939453125,439.6199951171875
2025-11-12,273.21435546875,244.1999969482422,286.3210144042969,607.9931640625,509.0233154296875,193.7787322998047,430.6000061035156
2025-11-13,272.6948547363281,237.5800018310547,278.19207763671875,608.8717041015625,501.205810546875,186.8394775390625,401.989990234375
2025-11-14,272.15533447265625,234.69000244140625,276.0350036621094,608.4424438476562,508.0672912597656,190.1491241455078,404.3500061035156
2025-11-17,267.2099609375,232.8699951171875,284.63330078125,601.0048217773438,505.388427734375,186.5795135498047,408.9200134277344
2025-11-18,267.19000244140625,222.5500030517578,283.8943176269531,596.6920776367188,491.74517822265625,181.340087890625,401.25
2025-11-19,268.3089294433594,222.69000244140625,292.4127502441406,589.3343505859375,485.102783203125,186.49951171875,403.989990234375
2025-11-20,266.0010986328125,217.13999938964844,289.05731201171875,588.1663818359375,477.3404846191406,180.6201629638672,395.2300109863281
2025-11-21,271.2361755371094,220.69000244140625,299.2534484863281,593.2578125,471.04486083984375,178.86036682128906,391.0899963378906
2025-11-24,275.6620788574219,226.27999877929688,318.14776611328125,612.0264282226562,472.92059326171875,182.52996826171875,417.7799987792969
2025-11-25,276.7110900878906,229.6699981689453,323.0011901855469,635.15771484375,475.90374755859375,177.80047607421875,419.3999938964844
2025-11-26,277.29052734375,229.16000366210938,319.5159606933594,632.5521240234375,484.3943786621094,180.24020385742188,426.5799865722656
2025-11-28,278.5893249511719,233.22000122070312,319.74560546875,646.8681640625,490.88958740234375,176.98056030273438,430.1700134277344
2025-12-01,282.8353576660156,233.8800048828125,314.4627990722656,639.7999877929688,485.6315612792969,179.90025329589844,430.1400146484375
2025-12-02,285.9224548339844,234.4199981689453,315.38153076171875,646.01953125,488.8841552734375,181.44007873535156,429.239990234375
2025-12-03,283.8843688964844,232.3800048828125,319.1963806152344,638.5321044921875,476.64208984375,179.57028198242188,446.739990234375
2025-12-04,280.4375915527344,229.11000061035156,317.1890869140625,660.4254760742188,479.7449951171875,183.37008666992188,454.5299987792969
2025-12-05,278.5193786621094,229.52999877929688,320.8341064453125,672.2955932617188,482.0597229003906,182.40013122558594,455.0
2025-12-08,277.6302185058594,226.88999938964844,313.49932861328125,665.6866455078125,489.9018249511719,185.5399627685547,439.5799865722656
2025-12-09,276.9208679199219,227.9199981689453,316.85693359375,655.8630981445312,490.8995361328125,184.95999145507812,445.1700134277344
2025-12-10,278.5193786621094,231.77999877929688,319.9847412109375,649.0444946289062,477.4701843261719,183.77005004882812,451.45001220703125
2025-12-11,277.77008056640625,230.27999877929688,312.210205078125,651.6202392578125,482.3690185546875,180.92019653320312,446.8900146484375
2025-12-12,278.0198669433594,226.19000244140625,309.07244873046875,643.1543579101562,477.4402770996094,175.01052856445312,458.9599914550781
2025-12-15,273.8537292480469,222.5399932861328,308.003173828125,646.9561157226562,473.73870849609375,176.28045654296875,475.30999755859375
2025-12-16,274.353271484375,222.55999755859375,306.3543395996094,656.587890625,475.3051452636719,177.71038818359375,489.8800048828125
2025-12-17,271.58587646484375,221.27000427246094,296.5112609863281,648.9443969726562,475.0357360839844,170.93075561523438,467.260009765625
2025-12-18,271.935546875,226.75999450683594,302.2472229003906,663.881591796875,482.87786865234375,174.1305694580078,483.3699951171875
2025-12-19,273.4141845703125,227.35000610351562,306.9439392089844,658.2064819335938,484.8134460449219,180.98020935058594,481.20001220703125
2025-12-22,270.7166748046875,228.42999267578125,309.56207275390625,660.9341430664062,483.81573486328125,183.6800537109375,488.7300109863281
2025-12-23,272.1053771972656,232.13999938964844,314.1288757324219,664.3711547851562,485.7413330078125,189.19976806640625,485.55999755859375
2025-12-24,273.55401611328125,232.3800048828125,313.8690490722656,666.9789428710938,486.90863037109375,188.59979248046875,485.3999938964844
2025-12-26,273.1444091796875,232.52000427246094,313.2894592285156,662.7225952148438,486.599365234375,190.51968383789062,475.19000244140625
2025-12-29,273.50408935546875,232.07000732421875,313.33941650390625,658.1265258789062,485.9907531738281,188.20980834960938,459.6400146484375
2025-12-30,272.82470703125,232.52999877929688,313.6292419433594,665.3803100585938,486.3699035644531,187.52984619140625,454.42999267578125
2025-12-31,271.6058349609375,230.82000732421875,312.7798156738281,659.5253295898438,482.5186767578125,186.4899139404297,449.7200012207031
2026-01-02,270.75665283203125,226.5,314.9283142089844,649.8535766601562,471.8630065917969,188.83978271484375,438.07000732421875
2026-01-05,267.0101623535156,233.05999755859375,316.3173522949219,658.2264404296875,471.773193359375,188.1098175048828,451.6700134277344
2026-01-06,262.1147155761719,240.92999267578125,314.1188659667969,660.0548706054688,477.4203186035156,187.22987365722656,432.9599914550781
2026-01-07,260.08660888671875,241.55999755859375,321.7535095214844,648.1350708007812,482.3690185546875,189.09976196289062,431.4100036621094
2026-01-08,258.7978515625,246.2899932861328,325.2110595703125,645.50732421875,477.0212097167969,185.0299835205078,435.79998779296875
2026-01-09,259.1275329589844,247.3800048828125,328.3388671875,652.5013427734375,478.1885681152344,184.84999084472656,445.010009765625
2026-01-12,260.0067138671875,246.47000122070312,331.62652587890625,641.4207763671875,476.09332275390625,184.92999267578125,448.9599914550781
2026-01-13,260.8059387207031,242.60000610351562,335.7336730957031,630.5501708984375,469.5981750488281,185.79994201660156,447.20001220703125
2026-01-14,259.71697998046875,236.64999389648438,335.603759765625,614.9934692382812,458.3338928222656,183.1300811767578,439.20001220703125
2026-01-15,257.9685974121094,238.17999267578125,332.5458984375,620.2689208984375,455.6200866699219,187.03988647460938,438.57000732421875
2026-01-16,255.29112243652344,239.1199951171875,329.7678527832031,619.7194213867188,458.8127746582031,186.21990966796875,437.5
2026-01-20,246.46937561035156,231.0,321.77349853515625,603.6032104492188,453.48492431640625,178.06036376953125,419.25
2026-01-21,247.41848754882812,231.30999755859375,328.1490173339844,612.4356689453125,443.0986328125,183.31008911132812,431.44000244140625
2026-01-22,248.1178436279297,234.33999633789062,330.3074951171875,647.0759887695312,450.1126403808594,184.82998657226562,449.3599853515625
2026-01-23,247.80812072753906,239.16000366210938,327.6993103027344,658.1964721679688,464.888916015625,187.6598358154297,449.05999755859375
2026-01-26,255.17123413085938,238.4199981689453,333.02557373046875,671.7847900390625,469.20904541015625,186.4599151611328,435.20001220703125
2026-01-27,258.0285339355469,244.67999267578125,334.31463623046875,672.394287109375,479.485595703125,188.50979614257812,430.8999938964844
2026-01-28,256.2002868652344,243.00999450683594,335.7736511230469,668.1578979492188,480.533203125,191.5096435546875,431.4599914550781
2026-01-29,258.0385437011719,241.72999572753906,338.0120544433594,737.6784057617188,432.5128173828125,192.49957275390625,416.55999755859375
2026-01-30,259.2374267578125,239.3000030517578,337.7622375488281,715.8870849609375,429.31011962890625,191.11965942382812,430.4100036621094
2026-02-02,269.7575988769531,242.9600067138672,343.4482421875,705.8056640625,422.4058837890625,185.59996032714844,421.80999755859375
2026-02-03,269.22808837890625,238.6199951171875,339.47100830078125,691.1082763671875,410.2735595703125,180.33023071289062,421.9599914550781
2026-02-04,276.23150634765625,232.99000549316406,332.80572509765625,668.417724609375,413.2467956542969,174.18057250976562,406.010009765625
2026-02-05,275.6520690917969,222.69000244140625,331.0169677734375,669.63671875,392.7735290527344,171.87069702148438,397.2099914550781
2026-02-06,277.8599853515625,210.32000732421875,322.63287353515625,660.8941650390625,400.22650146484375,185.39996337890625,411.1099853515625
2026-02-09,274.6199951171875,208.72000122070312,324.09185791015625,676.640625,412.65814208984375,190.0297088623047,417.32000732421875
2026-02-10,273.67999267578125,206.9600067138672,318.3558654785156,670.1461791992188,412.328857421875,188.52978515625,425.2099914550781
2026-02-11,275.5,204.0800018310547,310.7412414550781,668.1179809570312,403.4491271972656,190.0397186279297,428.2699890136719
2026-02-12,261.7300109863281,199.60000610351562,308.7826232910156,649.254150390625,400.9248962402344,186.9298858642578,417.07000732421875
2026-02-13,255.77999877929688,198.7899932861328,305.50494384765625,639.2227172851562,400.4060974121094,182.80010986328125,417.44000244140625
2026-02-17,263.8800048828125,201.14999389648438,301.8075256347656,638.7431030273438,395.95623779296875,184.95999145507812,410.6300048828125
2026-02-18,264.3500061035156,204.7899932861328,303.1166076660156,642.6697387695312,398.69000244140625,187.96981811523438,411.32000732421875
2026-02-19,260.5799865722656,204.86000061035156,302.636962890625,644.2284545898438,398.4599914550781,187.88983154296875,411.7099914550781
2026-02-20,264.5799865722656,210.11000061035156,314.7584228515625,655.09912109375,397.2300109863281,189.8097381591797,411.82000732421875
2026-02-23,266.17999267578125,205.27000427246094,311.2708740234375,636.7048950195312,384.4700012207031,191.53964233398438,399.8299865722656
2026-02-24,272.1400146484375,208.55999755859375,310.6813049316406,638.7531127929688,389.0,192.83956909179688,409.3800048828125
2026-02-25,274.2300109863281,210.63999938964844,312.67987060546875,653.1307983398438,400.6000061035156,195.54940795898438,417.3999938964844
2026-02-26,272.95001220703125,207.9199981689453,307.1637878417969,656.447998046875,401.7200012207031,184.87998962402344,408.5799865722656
2026-02-27,264.17999267578125,210.0,311.54071044921875,647.62548828125,392.739990234375,177.180419921875,402.510009765625
2026-03-02,264.7200012207031,208.38999938964844,306.3043518066406,653.0009155273438,398.54998779296875,182.47012329101562,403.32000732421875
2026-03-03,263.75,208.72999572753906,303.3664245605469,654.5196533203125,403.92999267578125,180.04025268554688,392.42999267578125
2026-03-04,262.5199890136719,216.82000732421875,302.9167785644531,667.1587524414062,405.20001220703125,183.03009033203125,405.94000244140625
2026-03-05,260.2900085449219,218.94000244140625,300.6683349609375,660.0049438476562,410.67999267578125,183.330078125,405.54998779296875
2026-03-06,257.4599914550781,213.2100067138672,298.30999755859375,644.308349609375,408.9599914550781,177.8103790283203,396.7300109863281
2026-03-09,259.8800048828125,213.49000549316406,306.3599853515625,646.836181640625,409.4100036621094,182.64010620117188,398.67999267578125
2026-03-10,260.8299865722656,214.3300018310547,307.0400085449219,653.510498046875,405.760009765625,184.760009765625,399.239990234375
2026-03-11,260.80999755859375,212.64999389648438,308.70001220703125,654.2998046875,404.8800048828125,186.02999877929688,407.82000732421875
2026-03-12,255.75999450683594,209.52999877929688,303.54998779296875,637.6340942382812,401.8599853515625,183.13999938964844,395.010009765625
2026-03-13,250.1199951171875,207.6699981689453,302.2799987792969,613.1849975585938,395.54998779296875,180.25,391.20001220703125
2026-03-16,252.82000732421875,211.74000549316406,305.55999755859375,627.4500122070312,399.95001220703125,183.22000122070312,395.55999755859375
2026-03-17,254.22999572753906,215.1999969482422,310.9200134277344,622.6599731445312,399.4100036621094,181.92999267578125,399.2699890136719
2026-03-18,249.94000244140625,209.8699951171875,307.69000244140625,615.6799926757812,391.7900085449219,180.39999389648438,392.7799987792969
2026-03-19,248.9600067138672,208.75999450683594,307.1300048828125,606.7000122070312,389.0199890136719,178.55999755859375,380.29998779296875
2026-03-20,247.99000549316406,205.3699951171875,301.0,593.6599731445312,381.8699951171875,172.6999969482422,367.9599914550781
2026-03-23,251.49000549316406,210.13999938964844,302.05999755859375,604.0599975585938,383.0,175.63999938964844,380.8500061035156
2026-03-24,251.63999938964844,207.24000549316406,290.44000244140625,592.9199829101562,372.739990234375,175.1999969482422,383.0299987792969
2026-03-25,252.6199951171875,211.7100067138672,290.92999267578125,594.8900146484375,371.0400085449219,178.67999267578125,385.95001220703125
2026-03-26,252.88999938964844,207.5399932861328,280.9200134277344,547.5399780273438,365.9700012207031,171.24000549316406,372.1099853515625
2026-03-27,248.8000030517578,199.33999633789062,274.3399963378906,525.719970703125,356.7699890136719,167.52000427246094,361.8299865722656
2026-03-30,246.6300048828125,200.9499969482422,273.5,536.3800048828125,358.9599914550781,165.1699981689453,355.2799987792969
2026-03-31,253.7899932861328,208.27000427246094,287.55999755859375,572.1300048828125,370.1700134277344,174.39999389648438,371.75
2026-04-01,255.6300048828125,210.57000732421875,297.3900146484375,579.22998046875,369.3699951171875,175.75,381.260009765625
2026-04-02,255.9199981689453,209.77000427246094,295.7699890136719,574.4600219726562,373.4599914550781,177.38999938964844,360.5899963378906
2026-04-06,258.8599853515625,212.7899932861328,299.989990234375,573.02001953125,372.8800048828125,177.63999938964844,352.82000732421875
2026-04-07,253.5,213.77000427246094,305.4599914550781,575.0499877929688,372.2900085449219,178.10000610351562,346.6499938964844
2026-04-08,258.8999938964844,221.25,317.32000732421875,612.4199829101562,374.3299865722656,182.0800018310547,343.25
2026-04-09,260.489990234375,233.64999389648438,318.489990234375,628.3900146484375,373.07000732421875,183.91000366210938,345.6199951171875
2026-04-10,260.4800109863281,238.3800048828125,317.239990234375,629.8599853515625,370.8699951171875,188.6300048828125,348.95001220703125
2026-04-13,259.20001220703125,239.88999938964844,321.30999755859375,634.530029296875,384.3699951171875,189.30999755859375,352.4200134277344
2026-04-14,258.8299865722656,249.02000427246094,332.9100036621094,662.489990234375,393.1099853515625,196.50999450683594,364.20001220703125
2026-04-15,266.42999267578125,248.5,337.1199951171875,671.5800170898438,411.2200012207031,198.8699951171875,391.95001220703125
2026-04-16,263.3999938964844,249.6999969482422,336.0199890136719,676.8699951171875,420.260009765625,198.35000610351562,388.8999938964844
2026-04-17,270.2300109863281,250.55999755859375,341.67999267578125,688.5499877929688,422.7900085449219,201.67999267578125,400.6199951171875
2026-04-20,273.04998779296875,248.27999877929688,337.4200134277344,670.9099731445312,418.07000732421875,202.05999755859375,392.5
2026-04-21,266.1700134277344,249.91000366210938,332.2900085449219,668.8400268554688,424.1600036621094,199.8800048828125,386.4200134277344
2026-04-22,273.1700134277344,255.36000061035156,339.32000732421875,674.719970703125,432.9200134277344,202.5,387.510009765625
2026-04-23,273.42999267578125,255.0800018310547,338.8900146484375,659.1500244140625,415.75,199.63999938964844,373.7200012207031
2026-04-24,271.05999755859375,263.989990234375,344.3999938964844,675.030029296875,424.6199951171875,208.27000427246094,376.29998779296875
2026-04-27,267.6099853515625,261.1199951171875,350.3399963378906,678.6199951171875,424.82000732421875,216.61000061035156,378.6700134277344
2026-04-28,270.7099914550781,259.70001220703125,349.7799987792969,671.3400268554688,429.25,213.1699981689453,376.0199890136719
2026-04-29,270.1700134277344,263.0400085449219,349.94000244140625,669.1199951171875,424.4599914550781,209.25,372.79998779296875
2026-04-30,271.3500061035156,265.05999755859375,384.79998779296875,611.9099731445312,407.7799987792969,199.57000732421875,381.6300048828125
2026-05-01,280.1400146484375,268.260009765625,385.69000244140625,608.75,414.44000244140625,198.4499969482422,390.82000732421875
2026-05-04,276.8299865722656,272.04998779296875,383.25,610.4099731445312,413.6199951171875,198.47999572753906,392.510009765625
2026-05-05,284.17999267578125,273.54998779296875,388.42999267578125,604.9600219726562,411.3800048828125,196.5,389.3699951171875
2026-05-06,287.510009765625,274.989990234375,398.0400085449219,612.8800048828125,413.9599914550781,207.8300018310547,398.7300109863281
2026-05-07,287.44000244140625,271.1700134277344,397.989990234375,616.8099975585938,420.7699890136719,211.5,411.7900085449219
2026-05-08,293.32000732421875,272.67999267578125,400.79998779296875,609.6300048828125,415.1199951171875,215.1999969482422,428.3500061035156
